time,realx,realy,realt, predx,predy,predt,sdx,sdy,sdt
0.0050003,0,0,0,0,0,0,0.222839264568335,0.063560712447143,0.0607373609053503
0.0190011,0,0,0,0,0,0,0.222839264568335,0.063560712447143,0.0607373609053503
0.0330019,0,0,0,0,0,0,0.222839264568335,0.063560712447143,0.0607373609053503
0.0460026,0,0,0,0,0,0,0.222839264568335,0.063560712447143,0.0607373609053503
0.0600034,0,0,0,0,0,0,0.222839264568335,0.063560712447143,0.0607373609053503
0.071004,0,0,0,0,0,0,0.222839264568335,0.063560712447143,0.0607373609053503
0.0820047,0,0,0,0,0,0,0.222839264568335,0.063560712447143,0.0607373609053503
0.0940054,0,0,0,0,0,0,0.222839264568335,0.063560712447143,0.0607373609053503
0.106006,0,0,0,0,0,0,0.222839264568335,0.063560712447143,0.0607373609053503
0.1180067,0,0,0,0,0,0,0.222839264568335,0.063560712447143,0.0607373609053503
0.1290074,0,0,0,0,0,0,0.222839264568335,0.063560712447143,0.0607373609053503
0.141008,0,0,0,0,0,0,0.222839264568335,0.063560712447143,0.0607373609053503
0.1650094,0,0,0,0,0,0,0.222839264568335,0.063560712447143,0.0607373609053503
0.1830104,0,0,0,0,0,0,0.222839264568335,0.063560712447143,0.0607373609053503
0.1950111,0,0,0,0,0,0,0.222839264568335,0.063560712447143,0.0607373609053503
0.2070118,0,0,0,0,0,0,0.222839264568335,0.063560712447143,0.0607373609053503
0.2190125,0,0,0,0,0,0,0.222839264568335,0.063560712447143,0.0607373609053503
0.2310132,0,0,0,0,0,0,0.222839264568335,0.063560712447143,0.0607373609053503
0.2430139,0,0,0,0,0,0,0.222839264568335,0.063560712447143,0.0607373609053503
0.2550146,0,0,0,0,0,0,0.222839264568335,0.063560712447143,0.0607373609053503
0.2670153,0,0,0,0,0,0,0.222839264568335,0.063560712447143,0.0607373609053503
0.2820161,0,0,0,0,0,0,0.222839264568335,0.063560712447143,0.0607373609053503
0.298017,0,0,0,0,0,0,0.222839264568335,0.063560712447143,0.0607373609053503
0.3140179,0,0,0,0,0,0,0.222839264568335,0.063560712447143,0.0607373609053503
0.3290188,0,0,0,0,0,0,0.222839264568335,0.063560712447143,0.0607373609053503
0.3460198,0,0,0,0,0,0,0.222839264568335,0.063560712447143,0.0607373609053503
0.3610206,0,0,0,0,0,0,0.222839264568335,0.063560712447143,0.0607373609053503
0.3730213,0,0,0,0,0,0,0.222839264568335,0.063560712447143,0.0607373609053503
0.3870221,0,0,0,0,0,0,0.222839264568335,0.063560712447143,0.0607373609053503
0.4010229,0,0,0,0,0,0,0.222839264568335,0.063560712447143,0.0607373609053503
0.4140237,0,0,0,0,0,0,0.222839264568335,0.063560712447143,0.0607373609053503
0.4270244,0,0,0,0,0,0,0.222839264568335,0.063560712447143,0.0607373609053503
0.4400251,0,0,0,0,0,0,0.222839264568335,0.063560712447143,0.0607373609053503
0.455026,0,0,0,0,0,0,0.222839264568335,0.063560712447143,0.0607373609053503
0.4710269,0,0,0,0,0,0,0.222839264568335,0.063560712447143,0.0607373609053503
0.4860278,0,0,0,0,0,0,0.222839264568335,0.063560712447143,0.0607373609053503
0.5010286,0,0,0,0,0,0,0.222839264568335,0.063560712447143,0.0607373609053503
0.5160295,0,0,0,0,0,0,0.222839264568335,0.063560712447143,0.0607373609053503
0.5310304,0,0,0,0,0,0,0.222839264568335,0.063560712447143,0.0607373609053503
0.5460312,0,0,0,0,0,0,0.222839264568335,0.063560712447143,0.0607373609053503
0.5610321,0,0,0,0,0,0,0.222839264568335,0.063560712447143,0.0607373609053503
0.5760329,0,0,0,0,0,0,0.222839264568335,0.063560712447143,0.0607373609053503
0.6020344,0,0,0,0,0,0,0.222839264568335,0.063560712447143,0.0607373609053503
0.6180353,0,0,0,0,0,0,0.222839264568335,0.063560712447143,0.0607373609053503
0.6330362,0,0,0,0,0,0,0.222839264568335,0.063560712447143,0.0607373609053503
0.647037,0,0,0,0,0,0,0.222839264568335,0.063560712447143,0.0607373609053503
0.6730385,0,0,0,0,0,0,0.222839264568335,0.063560712447143,0.0607373609053503
0.6860392,0,0,0,0,0,0,0.222839264568335,0.063560712447143,0.0607373609053503
0.70004,0,0,0,0,0,0,0.222839264568335,0.063560712447143,0.0607373609053503
0.7130408,0,0,0,0,0,0,0.222839264568335,0.063560712447143,0.0607373609053503
0.7260415,0,0,0,0,0,0,0.222839264568335,0.063560712447143,0.0607373609053503
0.7380422,0,0,0,0,0,0,0.222839264568335,0.063560712447143,0.0607373609053503
0.7530431,0,0,0,0,0,0,0.222839264568335,0.063560712447143,0.0607373609053503
0.769044,0,0,0,0,0,0,0.222839264568335,0.063560712447143,0.0607373609053503
0.7850449,0,0,0,0,0,0,0.222839264568335,0.063560712447143,0.0607373609053503
0.822047,0,0,0,0,0,0,0.222839264568335,0.063560712447143,0.0607373609053503
0.8360478,0,0,0,0,0,0,0.222839264568335,0.063560712447143,0.0607373609053503
0.8500486,0,0,0,0,0,0,0.222839264568335,0.063560712447143,0.0607373609053503
0.8640494,0,0,0,0,0,0,0.222839264568335,0.063560712447143,0.0607373609053503
0.8770501,0,0,0,0,0,0,0.222839264568335,0.063560712447143,0.0607373609053503
0.8910509,0,0,0,0,0,0,0.222839264568335,0.063560712447143,0.0607373609053503
0.9060518,0,0,0,0,0,0,0.222839264568335,0.063560712447143,0.0607373609053503
0.9230528,0,0,0,0,0,0,0.222839264568335,0.063560712447143,0.0607373609053503
0.9390537,0,0,0,0,0,0,0.222839264568335,0.063560712447143,0.0607373609053503
0.9550546,0,0,0,0,0,0,0.222839264568335,0.063560712447143,0.0607373609053503
0.9700555,0,0,0,0,0,0,0.222839264568335,0.063560712447143,0.0607373609053503
1.0290588,0,0,0,0,0,0,0.222839264568335,0.063560712447143,0.0607373609053503
1.0440597,0,0,0,0,0,0,0.222839264568335,0.063560712447143,0.0607373609053503
1.0580605,0,0,0,0,0,0,0.222839264568335,0.063560712447143,0.0607373609053503
1.0710612,0,0,0,0,0,0,0.222839264568335,0.063560712447143,0.0607373609053503
1.0820619,0,0,0,0,0,0,0.222839264568335,0.063560712447143,0.0607373609053503
1.0940626,0,0,0,0,0,0,0.222839264568335,0.063560712447143,0.0607373609053503
1.1060632,0,0,0,0,0,0,0.222839264568335,0.063560712447143,0.0607373609053503
1.1180639,0,0,0,0,0,0,0.222839264568335,0.063560712447143,0.0607373609053503
1.1300646,0,0,0,0,0,0,0.222839264568335,0.063560712447143,0.0607373609053503
1.1420653,0,0,0,0,0,0,0.222839264568335,0.063560712447143,0.0607373609053503
1.154066,0,0,0,0,0,0,0.222839264568335,0.063560712447143,0.0607373609053503
1.1660667,0,0,0,0,0,0,0.222839264568335,0.063560712447143,0.0607373609053503
1.1810675,0,0,0,0,0,0,0.222839264568335,0.063560712447143,0.0607373609053503
1.1950683,0,0,0,0,0,0,0.222839264568335,0.063560712447143,0.0607373609053503
1.207069,0,0,0,0,0,0,0.222839264568335,0.063560712447143,0.0607373609053503
1.2200698,0,0,0,0,0,0,0.222839264568335,0.063560712447143,0.0607373609053503
1.2320704,0,0,0,0,0,0,0.222839264568335,0.063560712447143,0.0607373609053503
1.2440711,0,0,0,0,0,0,0.222839264568335,0.063560712447143,0.0607373609053503
1.2560718,0,0,0,0,0,0,0.222839264568335,0.063560712447143,0.0607373609053503
1.2680725,0,0,0,0,0,0,0.222839264568335,0.063560712447143,0.0607373609053503
1.2800732,0,0,0,0,0,0,0.222839264568335,0.063560712447143,0.0607373609053503
1.2950741,0,0,0,0,0,0,0.222839264568335,0.063560712447143,0.0607373609053503
1.3100749,0,0,0,0,0,0,0.222839264568335,0.063560712447143,0.0607373609053503
1.3250758,0,0,0,0,0,0,0.222839264568335,0.063560712447143,0.0607373609053503
1.3390766,0,0,0,0,0,0,0.222839264568335,0.063560712447143,0.0607373609053503
1.3520773,0,0,0,0,0,0,0.222839264568335,0.063560712447143,0.0607373609053503
1.3650781,0,0,0,0,0,0,0.222839264568335,0.063560712447143,0.0607373609053503
1.3790789,0,0,0,0,0,0,0.222839264568335,0.063560712447143,0.0607373609053503
1.3940797,0,0,0,0,0,0,0.222839264568335,0.063560712447143,0.0607373609053503
1.4220813,0,0,0,0,0,0,0.222839264568335,0.063560712447143,0.0607373609053503
1.4380822,0,0,0,0,0,0,0.222839264568335,0.063560712447143,0.0607373609053503
1.451083,0,0,0,0,0,0,0.222839264568335,0.063560712447143,0.0607373609053503
1.4640837,0,0,0,0,0,0,0.222839264568335,0.063560712447143,0.0607373609053503
1.4770845,0,0,0,0,0,0,0.222839264568335,0.063560712447143,0.0607373609053503
1.4900852,0,0,0,0,0,0,0.222839264568335,0.063560712447143,0.0607373609053503
1.504086,0,0,0,0,0,0,0.222839264568335,0.063560712447143,0.0607373609053503
1.5180868,0,0,0,0,0,0,0.222839264568335,0.063560712447143,0.0607373609053503
1.5330877,0,0,0,0,0,0,0.222839264568335,0.063560712447143,0.0607373609053503
1.5490886,0,0,0,0,0,0,0.222839264568335,0.063560712447143,0.0607373609053503
1.5650895,0,0,0,0,0,0,0.222839264568335,0.063560712447143,0.0607373609053503
1.5810904,0,0,0,0,0,0,0.222839264568335,0.063560712447143,0.0607373609053503
1.5960913,0,0,0,0,0,0,0.222839264568335,0.063560712447143,0.0607373609053503
1.6540946,0,0,0,0,0,0,0.222839264568335,0.063560712447143,0.0607373609053503
1.6710956,0,0,0,0,0,0,0.222839264568335,0.063560712447143,0.0607373609053503
1.7010973,0,0,0,0,0,0,0.222839264568335,0.063560712447143,0.0607373609053503
1.7170982,0,0,0,0,0,0,0.222839264568335,0.063560712447143,0.0607373609053503
1.7330991,0,0,0,0,0,0,0.222839264568335,0.063560712447143,0.0607373609053503
1.7470999,0,0,0,0,0,0,0.222839264568335,0.063560712447143,0.0607373609053503
1.7591006,0,0,0,0,0,0,0.222839264568335,0.063560712447143,0.0607373609053503
1.7731014,0,0,0,0,0,0,0.222839264568335,0.063560712447143,0.0607373609053503
1.7871022,0,0,0,0,0,0,0.222839264568335,0.063560712447143,0.0607373609053503
1.8041032,0,0,0,0,0,0,0.222839264568335,0.063560712447143,0.0607373609053503
1.8161039,0,0,0,0,0,0,0.222839264568335,0.063560712447143,0.0607373609053503
1.8281045,0,0,0,0,0,0,0.222839264568335,0.063560712447143,0.0607373609053503
1.8391052,0,0,0,0,0,0,0.222839264568335,0.063560712447143,0.0607373609053503
1.8511059,0,0,0,0,0,0,0.222839264568335,0.063560712447143,0.0607373609053503
1.8621065,0,0,0,0,0,0,0.222839264568335,0.063560712447143,0.0607373609053503
1.8731071,0,0,0,0,0,0,0.222839264568335,0.063560712447143,0.0607373609053503
1.8851078,0,0,0,0,0,0,0.222839264568335,0.063560712447143,0.0607373609053503
1.8981085,0,0,0,0,0,0,0.222839264568335,0.063560712447143,0.0607373609053503
1.9101092,0,0,0,0,0,0,0.222839264568335,0.063560712447143,0.0607373609053503
1.9251101,0,0,0,0,0,0,0.222839264568335,0.063560712447143,0.0607373609053503
1.941111,0,0,0,0,0,0,0.222839264568335,0.063560712447143,0.0607373609053503
1.9561119,0,0,0,0,0,0,0.222839264568335,0.063560712447143,0.0607373609053503
1.9731128,0,0,0,0,0,0,0.222839264568335,0.063560712447143,0.0607373609053503
1.9871136,0,0,0,0,0,0,0.222839264568335,0.063560712447143,0.0607373609053503
2.0011144,0,0,0,0,0,0,0.222839264568335,0.063560712447143,0.0607373609053503
2.0231157,0,0,0,0,0,0,0.222839264568335,0.063560712447143,0.0607373609053503
2.0381166,0,0,0,0,0,0,0.222839264568335,0.063560712447143,0.0607373609053503
2.0531174,0,0,0,0,0,0,0.222839264568335,0.063560712447143,0.0607373609053503
2.0671182,0,0,0,0,0,0,0.222839264568335,0.063560712447143,0.0607373609053503
2.0831191,0,0,0,0,0,0,0.222839264568335,0.063560712447143,0.0607373609053503
2.09912,0,0,0,0,0,0,0.222839264568335,0.063560712447143,0.0607373609053503
2.115121,0,0,0,0,0,0,0.222839264568335,0.063560712447143,0.0607373609053503
2.1301218,0,0,0,0,0,0,0.222839264568335,0.063560712447143,0.0607373609053503
2.1441226,0,0,0,0,0,0,0.222839264568335,0.063560712447143,0.0607373609053503
2.1591235,0,0,0,0,0,0,0.222839264568335,0.063560712447143,0.0607373609053503
2.1741243,0,0,0,0,0,0,0.222839264568335,0.063560712447143,0.0607373609053503
2.204126,0,0,0,0,0,0,0.222839264568335,0.063560712447143,0.0607373609053503
2.2291275,0,0,0,0,0,0,0.222839264568335,0.063560712447143,0.0607373609053503
2.2441283,0,0,0,0,0,0,0.222839264568335,0.063560712447143,0.0607373609053503
2.2591292,0,0,0,0,0,0,0.222839264568335,0.063560712447143,0.0607373609053503
2.27313,0,0,0,0,0,0,0.222839264568335,0.063560712447143,0.0607373609053503
2.2861307,0,0,0,0,0,0,0.222839264568335,0.063560712447143,0.0607373609053503
2.3021317,0,0,0,0,0,0,0.222839264568335,0.063560712447143,0.0607373609053503
2.3161325,0,0,0,0,0,0,0.222839264568335,0.063560712447143,0.0607373609053503
2.3291332,0,0,0,0,0,0,0.222839264568335,0.063560712447143,0.0607373609053503
2.343134,0,0,0,0,0,0,0.222839264568335,0.063560712447143,0.0607373609053503
2.3571348,0,0,0,0,0,0,0.222839264568335,0.063560712447143,0.0607373609053503
2.3701355,0,0,0,0,0,0,0.222839264568335,0.063560712447143,0.0607373609053503
2.3841363,0,0,0,0,0,0,0.222839264568335,0.063560712447143,0.0607373609053503
2.3991372,0,0,0,0,0,0,0.222839264568335,0.063560712447143,0.0607373609053503
2.4151381,0,0,0,0,0,0,0.222839264568335,0.063560712447143,0.0607373609053503
2.4271388,0,0,0,0,0,0,0.222839264568335,0.063560712447143,0.0607373609053503
2.4401395,0,0,0,0,0,0,0.222839264568335,0.063560712447143,0.0607373609053503
2.4521402,0,0,0,0,0,0,0.222839264568335,0.063560712447143,0.0607373609053503
2.465141,0,0,0,0,0,0,0.222839264568335,0.063560712447143,0.0607373609053503
2.4771417,0,0,0,0,0,0,0.222839264568335,0.063560712447143,0.0607373609053503
2.4891423,0,0,0,0,0,0,0.222839264568335,0.063560712447143,0.0607373609053503
2.5021431,0,0,0,0,0,0,0.222839264568335,0.063560712447143,0.0607373609053503
2.5151438,0,0,0,0,0,0,0.222839264568335,0.063560712447143,0.0607373609053503
2.5281446,0,0,0,0,0,0,0.222839264568335,0.063560712447143,0.0607373609053503
2.5401453,0,0,0,0,0,0,0.222839264568335,0.063560712447143,0.0607373609053503
2.5551461,0,0,0,0,0,0,0.222839264568335,0.063560712447143,0.0607373609053503
2.571147,0,0,0,0,0,0,0.222839264568335,0.063560712447143,0.0607373609053503
2.5851478,0,0,0,0,0,0,0.222839264568335,0.063560712447143,0.0607373609053503
2.5981486,0,0,0,0,0,0,0.222839264568335,0.063560712447143,0.0607373609053503
2.62215,0,0,0,0,0,0,0.222839264568335,0.063560712447143,0.0607373609053503
2.6341506,0,0,0,0,0,0,0.222839264568335,0.063560712447143,0.0607373609053503
2.6461513,0,0,0,0,0,0,0.222839264568335,0.063560712447143,0.0607373609053503
2.658152,0,0,0,0,0,0,0.222839264568335,0.063560712447143,0.0607373609053503
2.6701527,0,0,0,0,0,0,0.222839264568335,0.063560712447143,0.0607373609053503
2.6871537,0,0,0,0,0,0,0.222839264568335,0.063560712447143,0.0607373609053503
2.7171554,0,0,0,0,0,0,0.222839264568335,0.063560712447143,0.0607373609053503
2.7321562,0,0,0,0,0,0,0.222839264568335,0.063560712447143,0.0607373609053503
2.7481572,0,0,0,0,0,0,0.222839264568335,0.063560712447143,0.0607373609053503
2.763158,0,0,0,0,0,0,0.222839264568335,0.063560712447143,0.0607373609053503
2.7781589,0,0,0,0,0,0,0.222839264568335,0.063560712447143,0.0607373609053503
2.7941598,0,0,0,0,0,0,0.222839264568335,0.063560712447143,0.0607373609053503
2.8091607,0,0,0,0,0,0,0.222839264568335,0.063560712447143,0.0607373609053503
2.8361622,0,0,0,0,0,0,0.222839264568335,0.063560712447143,0.0607373609053503
2.8521631,0,0,0,0,0,0,0.222839264568335,0.063560712447143,0.0607373609053503
2.867164,0,0,0,0,0,0,0.222839264568335,0.063560712447143,0.0607373609053503
2.8831649,0,0,0,0,0,0,0.222839264568335,0.063560712447143,0.0607373609053503
2.8991658,0,0,0,0,0,0,0.222839264568335,0.063560712447143,0.0607373609053503
2.9141667,0,0,0,0,0,0,0.222839264568335,0.063560712447143,0.0607373609053503
2.9291675,0,0,0,0,0,0,0.222839264568335,0.063560712447143,0.0607373609053503
2.9441684,0,0,0,0,0,0,0.222839264568335,0.063560712447143,0.0607373609053503
2.9591692,0,0,0,0,0,0,0.222839264568335,0.063560712447143,0.0607373609053503
2.9741701,0,0,0,0,0,0,0.222839264568335,0.063560712447143,0.0607373609053503
2.9891709,0,0,0,0,0,0,0.222839264568335,0.063560712447143,0.0607373609053503
3.0011716,0,0,0,0,0,0,0.222839264568335,0.063560712447143,0.0607373609053503
3.0141724,0,0,0,0,0,0,0.222839264568335,0.063560712447143,0.0607373609053503
3.0271731,0,0,0,0,0,0,0.222839264568335,0.063560712447143,0.0607373609053503
3.0391738,0,0,0,0,0,0,0.222839264568335,0.063560712447143,0.0607373609053503
3.0521746,0,0,0,0,0,0,0.222839264568335,0.063560712447143,0.0607373609053503
3.0631752,0,0,0,0,0,0,0.222839264568335,0.063560712447143,0.0607373609053503
3.0761759,0,0,0,0,0,0,0.222839264568335,0.063560712447143,0.0607373609053503
3.0881766,0,0,0,0,0,0,0.222839264568335,0.063560712447143,0.0607373609053503
3.1001773,0,0,0,0,0,0,0.222839264568335,0.063560712447143,0.0607373609053503
3.113178,0,0,0,0,0,0,0.222839264568335,0.063560712447143,0.0607373609053503
3.1251787,0,0,0,0,0,0,0.222839264568335,0.063560712447143,0.0607373609053503
3.1361794,0,0,0,0,0,0,0.222839264568335,0.063560712447143,0.0607373609053503
3.1491801,0,0,0,0,0,0,0.222839264568335,0.063560712447143,0.0607373609053503
3.164181,0,0,0,0,0,0,0.222839264568335,0.063560712447143,0.0607373609053503
3.1801819,0,0,0,0,0,0,0.222839264568335,0.063560712447143,0.0607373609053503
3.1961828,0,0,0,0,0,0,0.222839264568335,0.063560712447143,0.0607373609053503
3.2241844,0,0,0,0,0,0,0.222839264568335,0.063560712447143,0.0607373609053503
3.2561862,0,0,0,0,0,0,0.222839264568335,0.063560712447143,0.0607373609053503
3.269187,0,0,0,0,0,0,0.222839264568335,0.063560712447143,0.0607373609053503
3.2831878,0,0,0,0,0,0,0.222839264568335,0.063560712447143,0.0607373609053503
3.2971886,0,0,0,0,0,0,0.222839264568335,0.063560712447143,0.0607373609053503
3.3111894,0,0,0,0,0,0,0.222839264568335,0.063560712447143,0.0607373609053503
3.3251902,0,0,0,0,0,0,0.222839264568335,0.063560712447143,0.0607373609053503
3.339191,0,0,0,0,0,0,0.222839264568335,0.063560712447143,0.0607373609053503
3.3531918,0,0,0,0,0,0,0.222839264568335,0.063560712447143,0.0607373609053503
3.3691927,0,0,0,0,0,0,0.222839264568335,0.063560712447143,0.0607373609053503
3.3851936,0,0,0,0,0,0,0.222839264568335,0.063560712447143,0.0607373609053503
3.3991944,0,0,0,0,0,0,0.222839264568335,0.063560712447143,0.0607373609053503
3.4151953,0,0,0,0,0,0,0.222839264568335,0.063560712447143,0.0607373609053503
3.4501973,0,0,0,0,0,0,0.222839264568335,0.063560712447143,0.0607373609053503
3.4651982,0,0,0,0,0,0,0.222839264568335,0.063560712447143,0.0607373609053503
3.479199,0,0,0,0,0,0,0.222839264568335,0.063560712447143,0.0607373609053503
3.4941998,0,0,0,0,0,0,0.222839264568335,0.063560712447143,0.0607373609053503
3.5092007,0,0,0,0,0,0,0.222839264568335,0.063560712447143,0.0607373609053503
3.5242016,0,0,0,0,0,0,0.222839264568335,0.063560712447143,0.0607373609053503
3.5382024,0,0,0,0,0,0,0.222839264568335,0.063560712447143,0.0607373609053503
3.5532032,0,0,0,0,0,0,0.222839264568335,0.063560712447143,0.0607373609053503
3.5702042,0,0,0,0,0,0,0.222839264568335,0.063560712447143,0.0607373609053503
3.585205,0,0,0,0,0,0,0.222839264568335,0.063560712447143,0.0607373609053503
3.6002059,0,0,0,0,0,0,0.222839264568335,0.063560712447143,0.0607373609053503
3.6152068,0,0,0,0,0,0,0.222839264568335,0.063560712447143,0.0607373609053503
3.6412082,0,0,0,0,0,0,0.222839264568335,0.063560712447143,0.0607373609053503
3.6562091,0,0,0,0,0,0,0.222839264568335,0.063560712447143,0.0607373609053503
3.67121,0,0,0,0,0,0,0.222839264568335,0.063560712447143,0.0607373609053503
3.6862108,0,0,0,0,0,0,0.222839264568335,0.063560712447143,0.0607373609053503
3.7002116,0,0,0,0,0,0,0.222839264568335,0.063560712447143,0.0607373609053503
3.7202128,0,0,0,0,0,0,0.222839264568335,0.063560712447143,0.0607373609053503
3.7342136,0,0,0,0,0,0,0.222839264568335,0.063560712447143,0.0607373609053503
3.7482144,0,0,0,0,0,0,0.222839264568335,0.063560712447143,0.0607373609053503
3.7622152,0,0,0,0,0,0,0.222839264568335,0.063560712447143,0.0607373609053503
3.7742159,0,0,0,0,0,0,0.222839264568335,0.063560712447143,0.0607373609053503
3.7872166,0,0,0,0,0,0,0.222839264568335,0.063560712447143,0.0607373609053503
3.8002173,0,0,0,0,0,0,0.222839264568335,0.063560712447143,0.0607373609053503
3.812218,0,0,0,0,0,0,0.222839264568335,0.063560712447143,0.0607373609053503
3.8252188,0,0,0,0,0,0,0.222839264568335,0.063560712447143,0.0607373609053503
3.8382195,0,0,0,0,0,0,0.222839264568335,0.063560712447143,0.0607373609053503
3.8532204,0,0,0,0,0,0,0.222839264568335,0.063560712447143,0.0607373609053503
3.8692213,0,0,0,0,0,0,0.222839264568335,0.063560712447143,0.0607373609053503
3.8852222,0,0,0,0,0,0,0.222839264568335,0.063560712447143,0.0607373609053503
3.9002231,0,0,0,0,0,0,0.222839264568335,0.063560712447143,0.0607373609053503
3.917224,0,0,0,0,0,0,0.222839264568335,0.063560712447143,0.0607373609053503
3.9332249,0,0,0,0,0,0,0.222839264568335,0.063560712447143,0.0607373609053503
3.9482258,0,0,0,0,0,0,0.222839264568335,0.063560712447143,0.0607373609053503
3.9632267,0,0,0,0,0,0,0.222839264568335,0.063560712447143,0.0607373609053503
3.9782275,0,0,0,0,0,0,0.222839264568335,0.063560712447143,0.0607373609053503
3.9932284,0,0,0,0,0,0,0.222839264568335,0.063560712447143,0.0607373609053503
4.0082292,0,0,0,0,0,0,0.222839264568335,0.063560712447143,0.0607373609053503
4.0232301,0,0,0,0,0,0,0.222839264568335,0.063560712447143,0.0607373609053503
4.0452314,0,0,0,0,0,0,0.222839264568335,0.063560712447143,0.0607373609053503
4.0592322,0,0,0,0,0,0,0.222839264568335,0.063560712447143,0.0607373609053503
4.073233,0,0,0,0,0,0,0.222839264568335,0.063560712447143,0.0607373609053503
4.0872338,0,0,0,0,0,0,0.222839264568335,0.063560712447143,0.0607373609053503
4.1012346,0,0,0,0,0,0,0.222839264568335,0.063560712447143,0.0607373609053503
4.1162354,0,0,0,0,0,0,0.222839264568335,0.063560712447143,0.0607373609053503
4.1312363,0,0,0,0,0,0,0.222839264568335,0.063560712447143,0.0607373609053503
4.1462371,0,0,0,0,0,0,0.222839264568335,0.063560712447143,0.0607373609053503
4.161238,0,0,0,0,0,0,0.222839264568335,0.063560712447143,0.0607373609053503
4.1762388,0,0,0,0,0,0,0.222839264568335,0.063560712447143,0.0607373609053503
4.1922398,0,0,0,0,0,0,0.222839264568335,0.063560712447143,0.0607373609053503
4.2082407,0,0,0,0,0,0,0.222839264568335,0.063560712447143,0.0607373609053503
4.266244,0,0,0,0,0,0,0.222839264568335,0.063560712447143,0.0607373609053503
4.2812449,0,0,0,0,0,0,0.222839264568335,0.063560712447143,0.0607373609053503
4.2952457,0,0,0,0,0,0,0.222839264568335,0.063560712447143,0.0607373609053503
4.3072463,0,0,0,0,0,0,0.222839264568335,0.063560712447143,0.0607373609053503
4.3202471,0,0,0,0,0,0,0.222839264568335,0.063560712447143,0.0607373609053503
4.3332478,0,0,0,0,0,0,0.222839264568335,0.063560712447143,0.0607373609053503
4.3462486,0,0,0,0,0,0,0.222839264568335,0.063560712447143,0.0607373609053503
4.3592493,0,0,0,0,0,0,0.222839264568335,0.063560712447143,0.0607373609053503
4.3732501,0,0,0,0,0,0,0.222839264568335,0.063560712447143,0.0607373609053503
4.3872509,0,0,0,0,0,0,0.222839264568335,0.063560712447143,0.0607373609053503
4.4032518,0,0,0,0,0,0,0.222839264568335,0.063560712447143,0.0607373609053503
4.4172526,0,0,0,0,0,0,0.222839264568335,0.063560712447143,0.0607373609053503
4.4312534,0,0,0,0,0,0,0.222839264568335,0.063560712447143,0.0607373609053503
4.4602551,0,0,0,0,0,0,0.222839264568335,0.063560712447143,0.0607373609053503
4.4732558,0,0,0,0,0,0,0.222839264568335,0.063560712447143,0.0607373609053503
4.4862566,0,0,0,0,0,0,0.222839264568335,0.063560712447143,0.0607373609053503
4.4982573,0,0,0,0,0,0,0.222839264568335,0.063560712447143,0.0607373609053503
4.5122581,0,0,0,0,0,0,0.222839264568335,0.063560712447143,0.0607373609053503
4.5252588,0,0,0,0,0,0,0.222839264568335,0.063560712447143,0.0607373609053503
4.5382596,0,0,0,0,0,0,0.222839264568335,0.063560712447143,0.0607373609053503
4.5512603,0,0,0,0,0,0,0.222839264568335,0.063560712447143,0.0607373609053503
4.5702614,0,0,0,0,0,0,0.222839264568335,0.063560712447143,0.0607373609053503
4.5872624,0,0,0,0,0,0,0.222839264568335,0.063560712447143,0.0607373609053503
4.6012632,0,0,0,0,0,0,0.222839264568335,0.063560712447143,0.0607373609053503
4.6142639,0,0,0,0,0,0,0.222839264568335,0.063560712447143,0.0607373609053503
4.6262646,0,0,0,0,0,0,0.222839264568335,0.063560712447143,0.0607373609053503
4.6392653,0,0,0,0,0,0,0.222839264568335,0.063560712447143,0.0607373609053503
4.6572664,0,0,0,0,0,0,0.222839264568335,0.063560712447143,0.0607373609053503
4.669267,0,0,0,0,0,0,0.222839264568335,0.063560712447143,0.0607373609053503
4.6832678,0,0,0,0,0,0,0.222839264568335,0.063560712447143,0.0607373609053503
4.6972686,0,0,0,0,0,0,0.222839264568335,0.063560712447143,0.0607373609053503
4.7122695,0,0,0,0,0,0,0.222839264568335,0.063560712447143,0.0607373609053503
4.755272,0,0,0,0,0,0,0.222839264568335,0.063560712447143,0.0607373609053503
4.7692728,0,0,0,0,0,0,0.222839264568335,0.063560712447143,0.0607373609053503
4.7842736,0,0,0,0,0,0,0.222839264568335,0.063560712447143,0.0607373609053503
4.7992745,0,0,0,0,0,0,0.222839264568335,0.063560712447143,0.0607373609053503
4.8132753,0,0,0,0,0,0,0.222839264568335,0.063560712447143,0.0607373609053503
4.826276,0,0,0,0,0,0,0.222839264568335,0.063560712447143,0.0607373609053503
4.8482773,0,0,0,0,0,0,0.222839264568335,0.063560712447143,0.0607373609053503
4.8622781,0,0,0,0,0,0,0.222839264568335,0.063560712447143,0.0607373609053503
4.8752788,0,0,0,0,0,0,0.222839264568335,0.063560712447143,0.0607373609053503
4.8882796,0,0,0,0,0,0,0.222839264568335,0.063560712447143,0.0607373609053503
4.8992802,0,0,0,0,0,0,0.222839264568335,0.063560712447143,0.0607373609053503
4.9112809,0,0,0,0,0,0,0.222839264568335,0.063560712447143,0.0607373609053503
4.9232816,0,0,0,0,0,0,0.222839264568335,0.063560712447143,0.0607373609053503
4.9352823,0,0,0,0,0,0,0.222839264568335,0.063560712447143,0.0607373609053503
4.9472829,0,0,0,0,0,0,0.222839264568335,0.063560712447143,0.0607373609053503
4.9592836,0,0,0,0,0,0,0.222839264568335,0.063560712447143,0.0607373609053503
4.9712843,0,0,0,0,0,0,0.222839264568335,0.063560712447143,0.0607373609053503
4.9852851,0,0,0,0,0,0,0.222839264568335,0.063560712447143,0.0607373609053503
5.0022861,0,0,0,0,0,0,0.222839264568335,0.063560712447143,0.0607373609053503
5.018287,0,0,0,0,0,0,0.222839264568335,0.063560712447143,0.0607373609053503
5.0332879,0,0,0,0,0,0,0.222839264568335,0.063560712447143,0.0607373609053503
5.0612895,0,0,0,0,0,0,0.222839264568335,0.063560712447143,0.0607373609053503
5.0732902,0,0,0,0,0,0,0.222839264568335,0.063560712447143,0.0607373609053503
5.0842908,0,0,0,0,0,0,0.222839264568335,0.063560712447143,0.0607373609053503
5.0952914,0,0,0,0,0,0,0.222839264568335,0.063560712447143,0.0607373609053503
5.1082922,0,0,0,0,0,0,0.222839264568335,0.063560712447143,0.0607373609053503
5.1202928,0,0,0,0,0,0,0.222839264568335,0.063560712447143,0.0607373609053503
5.1362938,0,0,0,0,0,0,0.222839264568335,0.063560712447143,0.0607373609053503
5.1522947,0,0,0,0,0,0,0.222839264568335,0.063560712447143,0.0607373609053503
5.1692956,0,0,0,0,0,0,0.222839264568335,0.063560712447143,0.0607373609053503
5.1852966,0,0,0,0,0,0,0.222839264568335,0.063560712447143,0.0607373609053503
5.2002974,0,0,0,0,0,0,0.222839264568335,0.063560712447143,0.0607373609053503
5.2152983,0,0,0,0,0,0,0.222839264568335,0.063560712447143,0.0607373609053503
5.2903026,0,0,0,0,0,0,0.222839264568335,0.063560712447143,0.0607373609053503
5.3073035,0,0,0,0,0,0,0.222839264568335,0.063560712447143,0.0607373609053503
5.3233045,0,0,0,0,0,0,0.222839264568335,0.063560712447143,0.0607373609053503
5.3383053,0,0,0,0,0,0,0.222839264568335,0.063560712447143,0.0607373609053503
5.3543062,0,0,0,0,0,0,0.222839264568335,0.063560712447143,0.0607373609053503
5.3713072,0,0,0,0,0,0,0.222839264568335,0.063560712447143,0.0607373609053503
5.3863081,0,0,0,0,0,0,0.222839264568335,0.063560712447143,0.0607373609053503
5.4013089,0,0,0,0,0,0,0.222839264568335,0.063560712447143,0.0607373609053503
5.4163098,0,0,0,0,0,0,0.222839264568335,0.063560712447143,0.0607373609053503
5.4313106,0,0,0,0,0,0,0.222839264568335,0.063560712447143,0.0607373609053503
5.4433113,0,0,0,0,0,0,0.222839264568335,0.063560712447143,0.0607373609053503
5.4583122,0,0,0,0,0,0,0.222839264568335,0.063560712447143,0.0607373609053503
5.4713129,0,0,0,0,0,0,0.222839264568335,0.063560712447143,0.0607373609053503
5.4853137,0,0,0,0,0,0,0.222839264568335,0.063560712447143,0.0607373609053503
5.4973144,0,0,0,0,0,0,0.222839264568335,0.063560712447143,0.0607373609053503
5.5103152,0,0,0,0,0,0,0.222839264568335,0.063560712447143,0.0607373609053503
5.5223158,0,0,0,0,0,0,0.222839264568335,0.063560712447143,0.0607373609053503
5.5353166,0,0,0,0,0,0,0.222839264568335,0.063560712447143,0.0607373609053503
5.5463172,0,0,0,0,0,0,0.222839264568335,0.063560712447143,0.0607373609053503
5.5583179,0,0,0,0,0,0,0.222839264568335,0.063560712447143,0.0607373609053503
5.5703186,0,0,0,0,0,0,0.222839264568335,0.063560712447143,0.0607373609053503
5.5823193,0,0,0,0,0,0,0.222839264568335,0.063560712447143,0.0607373609053503
5.59532,0,0,0,0,0,0,0.222839264568335,0.063560712447143,0.0607373609053503
5.6073207,0,0,0,0,0,0,0.222839264568335,0.063560712447143,0.0607373609053503
5.6193214,0,0,0,0,0,0,0.222839264568335,0.063560712447143,0.0607373609053503
5.6313221,0,0,0,0,0,0,0.222839264568335,0.063560712447143,0.0607373609053503
5.6463229,0,0,0,0,0,0,0.222839264568335,0.063560712447143,0.0607373609053503
5.6813249,0,0,0,0,0,0,0.222839264568335,0.063560712447143,0.0607373609053503
5.6983259,0,0,0,0,0,0,0.222839264568335,0.063560712447143,0.0607373609053503
5.7133268,0,0,0,0,0,0,0.222839264568335,0.063560712447143,0.0607373609053503
5.7273276,0,0,0,0,0,0,0.222839264568335,0.063560712447143,0.0607373609053503
5.7453286,0,0,0,0,0,0,0.222839264568335,0.063560712447143,0.0607373609053503
5.7593294,0,0,0,0,0,0,0.222839264568335,0.063560712447143,0.0607373609053503
5.7723301,0,0,0,0,0,0,0.222839264568335,0.063560712447143,0.0607373609053503
5.7843308,0,0,0,0,0,0,0.222839264568335,0.063560712447143,0.0607373609053503
5.7963315,0,0,0,0,0,0,0.222839264568335,0.063560712447143,0.0607373609053503
5.8093323,0,0,0,0,0,0,0.222839264568335,0.063560712447143,0.0607373609053503
5.8283333,0,0,0,0,0,0,0.222839264568335,0.063560712447143,0.0607373609053503
5.8453343,0,0,0,0,0,0,0.222839264568335,0.063560712447143,0.0607373609053503
5.8853366,0,0,0,0,0,0,0.222839264568335,0.063560712447143,0.0607373609053503
5.8993374,0,0,0,0,0,0,0.222839264568335,0.063560712447143,0.0607373609053503
5.9143383,0,0,0,0,0,0,0.222839264568335,0.063560712447143,0.0607373609053503
5.9293391,0,0,0,0,0,0,0.222839264568335,0.063560712447143,0.0607373609053503
5.94534,0,0,0,0,0,0,0.222839264568335,0.063560712447143,0.0607373609053503
5.9613409,0,0,0,0,0,0,0.222839264568335,0.063560712447143,0.0607373609053503
5.9783419,0,0,0,0,0,0,0.222839264568335,0.063560712447143,0.0607373609053503
5.9943428,0,0,0,0,0,0,0.222839264568335,0.063560712447143,0.0607373609053503
6.0093437,0,0,0,0,0,0,0.222839264568335,0.063560712447143,0.0607373609053503
6.0243446,0,0,0,0,0,0,0.222839264568335,0.063560712447143,0.0607373609053503
6.0393454,0,0,0,0,0,0,0.222839264568335,0.063560712447143,0.0607373609053503
6.0833479,0,0,0,0,0,0,0.222839264568335,0.063560712447143,0.0607373609053503
6.0953486,0,0,0,0,0,0,0.222839264568335,0.063560712447143,0.0607373609053503
6.1083494,0,0,0,0,0,0,0.222839264568335,0.063560712447143,0.0607373609053503
6.1213501,0,0,0,0,0,0,0.222839264568335,0.063560712447143,0.0607373609053503
6.1333508,0,0,0,0,0,0,0.222839264568335,0.063560712447143,0.0607373609053503
6.1463515,0,0,0,0,0,0,0.222839264568335,0.063560712447143,0.0607373609053503
6.1593523,0,0,0,0,0,0,0.222839264568335,0.063560712447143,0.0607373609053503
6.171353,0,0,0,0,0,0,0.222839264568335,0.063560712447143,0.0607373609053503
6.1853538,0,0,0,0,0,0,0.222839264568335,0.063560712447143,0.0607373609053503
6.2033548,0,0,0,0,0,0,0.222839264568335,0.063560712447143,0.0607373609053503
6.2173556,0,0,0,0,0,0,0.222839264568335,0.063560712447143,0.0607373609053503
6.2313564,0,0,0,0,0,0,0.222839264568335,0.063560712447143,0.0607373609053503
6.2583579,0,0,0,0,0,0,0.222839264568335,0.063560712447143,0.0607373609053503
6.277359,0,0,0,0,0,0,0.222839264568335,0.063560712447143,0.0607373609053503
6.2903598,0,0,0,0,0,0,0.222839264568335,0.063560712447143,0.0607373609053503
6.3063607,0,0,0,0,0,0,0.222839264568335,0.063560712447143,0.0607373609053503
6.3223616,0,0,0,0,0,0,0.222839264568335,0.063560712447143,0.0607373609053503
6.3383625,0,0,0,0,0,0,0.222839264568335,0.063560712447143,0.0607373609053503
6.3553635,0,0,0,0,0,0,0.222839264568335,0.063560712447143,0.0607373609053503
6.3713644,0,0,0,0,0,0,0.222839264568335,0.063560712447143,0.0607373609053503
6.3873653,0,0,0,0,0,0,0.222839264568335,0.063560712447143,0.0607373609053503
6.4013661,0,0,0,0,0,0,0.222839264568335,0.063560712447143,0.0607373609053503
6.4153669,0,0,0,0,0,0,0.222839264568335,0.063560712447143,0.0607373609053503
6.4303678,0,0,0,0,0,0,0.222839264568335,0.063560712447143,0.0607373609053503
6.4453686,0,0,0,0,0,0,0.222839264568335,0.063560712447143,0.0607373609053503
6.4703701,0,0,0,0,0,0,0.222839264568335,0.063560712447143,0.0607373609053503
6.4853709,0,0,0,0,0,0,0.222839264568335,0.063560712447143,0.0607373609053503
6.5003718,0,0,0,0,0,0,0.222839264568335,0.063560712447143,0.0607373609053503
6.5163727,0,0,0,0,0,0,0.222839264568335,0.063560712447143,0.0607373609053503
6.5323736,0,0,0,0,0,0,0.222839264568335,0.063560712447143,0.0607373609053503
6.5483745,0,0,0,0,0,0,0.222839264568335,0.063560712447143,0.0607373609053503
6.5633754,0,0,0,0,0,0,0.222839264568335,0.063560712447143,0.0607373609053503
6.5793763,0,0,0,0,0,0,0.222839264568335,0.063560712447143,0.0607373609053503
6.5953772,0,0,0,0,0,0,0.222839264568335,0.063560712447143,0.0607373609053503
6.6123782,0,0,0,0,0,0,0.222839264568335,0.063560712447143,0.0607373609053503
6.6283791,0,0,0,0,0,0,0.222839264568335,0.063560712447143,0.0607373609053503
6.64438,0,0,0,0,0,0,0.222839264568335,0.063560712447143,0.0607373609053503
6.6603809,0,0,0,0,0,0,0.222839264568335,0.063560712447143,0.0607373609053503
6.6833822,0,0,0,0,0,0,0.222839264568335,0.063560712447143,0.0607373609053503
6.696383,0,0,0,0,0,0,0.222839264568335,0.063560712447143,0.0607373609053503
6.7093837,0,0,0,0,0,0,0.222839264568335,0.063560712447143,0.0607373609053503
6.7223845,0,0,0,0,0,0,0.222839264568335,0.063560712447143,0.0607373609053503
6.7353852,0,0,0,0,0,0,0.222839264568335,0.063560712447143,0.0607373609053503
6.7513861,0,0,0,0,0,0,0.222839264568335,0.063560712447143,0.0607373609053503
6.7633868,0,0,0,0,0,0,0.222839264568335,0.063560712447143,0.0607373609053503
6.7763876,0,0,0,0,0,0,0.222839264568335,0.063560712447143,0.0607373609053503
6.7883883,0,0,0,0,0,0,0.222839264568335,0.063560712447143,0.0607373609053503
6.7993889,0,0,0,0,0,0,0.222839264568335,0.063560712447143,0.0607373609053503
6.8113896,0,0,0,0,0,0,0.222839264568335,0.063560712447143,0.0607373609053503
6.8243903,0,0,0,0,0,0,0.222839264568335,0.063560712447143,0.0607373609053503
6.836391,0,0,0,0,0,0,0.222839264568335,0.063560712447143,0.0607373609053503
6.8513919,0,0,0,0,0,0,0.222839264568335,0.063560712447143,0.0607373609053503
6.9003947,0,0,0,0,0,0,0.222839264568335,0.063560712447143,0.0607373609053503
6.9143955,0,0,0,0,0,0,0.222839264568335,0.063560712447143,0.0607373609053503
6.9273962,0,0,0,0,0,0,0.222839264568335,0.063560712447143,0.0607373609053503
6.9403969,0,0,0,0,0,0,0.222839264568335,0.063560712447143,0.0607373609053503
6.9543977,0,0,0,0,0,0,0.222839264568335,0.063560712447143,0.0607373609053503
6.9703987,0,0,0,0,0,0,0.222839264568335,0.063560712447143,0.0607373609053503
6.9863996,0,0,0,0,0,0,0.222839264568335,0.063560712447143,0.0607373609053503
7.0014004,0,0,0,0,0,0,0.222839264568335,0.063560712447143,0.0607373609053503
7.0174014,0,0,0,0,0,0,0.222839264568335,0.063560712447143,0.0607373609053503
7.0324022,0,0,0,0,0,0,0.222839264568335,0.063560712447143,0.0607373609053503
7.0474031,0,0,0,0,0,0,0.222839264568335,0.063560712447143,0.0607373609053503
7.0624039,0,0,0,0,0,0,0.222839264568335,0.063560712447143,0.0607373609053503
7.1074065,0,0,0,0,0,0,0.222839264568335,0.063560712447143,0.0607373609053503
7.1224074,0,0,0,0,0,0,0.222839264568335,0.063560712447143,0.0607373609053503
7.1394083,0,0,0,0,0,0,0.222839264568335,0.063560712447143,0.0607373609053503
7.1544092,0,0,0,0,0,0,0.222839264568335,0.063560712447143,0.0607373609053503
7.16941,0,0,0,0,0,0,0.222839264568335,0.063560712447143,0.0607373609053503
7.1844109,0,0,0,0,0,0,0.222839264568335,0.063560712447143,0.0607373609053503
7.2004118,0,0,0,0,0,0,0.222839264568335,0.063560712447143,0.0607373609053503
7.2164127,0,0,0,0,0,0,0.222839264568335,0.063560712447143,0.0607373609053503
7.2324136,0,0,0,0,0,0,0.222839264568335,0.063560712447143,0.0607373609053503
7.2474145,0,0,0,0,0,0,0.222839264568335,0.063560712447143,0.0607373609053503
7.2694158,0,0,0,0,0,0,0.222839264568335,0.063560712447143,0.0607373609053503
7.291417,0,0,0,0,0,0,0.222839264568335,0.063560712447143,0.0607373609053503
7.3024177,0,0,0,0,0,0,0.222839264568335,0.063560712447143,0.0607373609053503
7.3144183,0,0,0,0,0,0,0.222839264568335,0.063560712447143,0.0607373609053503
7.326419,0,0,0,0,0,0,0.222839264568335,0.063560712447143,0.0607373609053503
7.3384197,0,0,0,0,0,0,0.222839264568335,0.063560712447143,0.0607373609053503
7.3514205,0,0,0,0,0,0,0.222839264568335,0.063560712447143,0.0607373609053503
7.3634211,0,0,0,0,0,0,0.222839264568335,0.063560712447143,0.0607373609053503
7.3744218,0,0,0,0,0,0,0.222839264568335,0.063560712447143,0.0607373609053503
7.3884226,0,0,0,0,0,0,0.222839264568335,0.063560712447143,0.0607373609053503
7.4014233,0,0,0,0,0,0,0.222839264568335,0.063560712447143,0.0607373609053503
7.4144241,0,0,0,0,0,0,0.222839264568335,0.063560712447143,0.0607373609053503
7.4264247,0,0,0,0,0,0,0.222839264568335,0.063560712447143,0.0607373609053503
7.4394255,0,0,0,0,0,0,0.222839264568335,0.063560712447143,0.0607373609053503
7.4514262,0,0,0,0,0,0,0.222839264568335,0.063560712447143,0.0607373609053503
7.4634269,0,0,0,0,0,0,0.222839264568335,0.063560712447143,0.0607373609053503
7.4824279,0,0,0,0,0,0,0.222839264568335,0.063560712447143,0.0607373609053503
7.4954287,0,0,0,0,0,0,0.222839264568335,0.063560712447143,0.0607373609053503
7.5074294,0,0,0,0,0,0,0.222839264568335,0.063560712447143,0.0607373609053503
7.5194301,0,0,0,0,0,0,0.222839264568335,0.063560712447143,0.0607373609053503
7.5304307,0,0,0,0,0,0,0.222839264568335,0.063560712447143,0.0607373609053503
7.5424314,0,0,0,0,0,0,0.222839264568335,0.063560712447143,0.0607373609053503
7.5544321,0,0,0,0,0,0,0.222839264568335,0.063560712447143,0.0607373609053503
7.5724331,0,0,0,0,0,0,0.222839264568335,0.063560712447143,0.0607373609053503
7.5844338,0,0,0,0,0,0,0.222839264568335,0.063560712447143,0.0607373609053503
7.5964345,0,0,0,0,0,0,0.222839264568335,0.063560712447143,0.0607373609053503
7.6084352,0,0,0,0,0,0,0.222839264568335,0.063560712447143,0.0607373609053503
7.6194358,0,0,0,0,0,0,0.222839264568335,0.063560712447143,0.0607373609053503
7.6314365,0,0,0,0,0,0,0.222839264568335,0.063560712447143,0.0607373609053503
7.6434372,0,0,0,0,0,0,0.222839264568335,0.063560712447143,0.0607373609053503
7.6544378,0,0,0,0,0,0,0.222839264568335,0.063560712447143,0.0607373609053503
7.6774391,0,0,0,0,0,0,0.222839264568335,0.063560712447143,0.0607373609053503
7.7004404,0,0,0,0,0,0,0.222839264568335,0.063560712447143,0.0607373609053503
7.711441,0,0,0,0,0,0,0.222839264568335,0.063560712447143,0.0607373609053503
7.7244418,0,0,0,0,0,0,0.222839264568335,0.063560712447143,0.0607373609053503
7.7354424,0,0,0,0,0,0,0.222839264568335,0.063560712447143,0.0607373609053503
7.7474431,0,0,0,0,0,0,0.222839264568335,0.063560712447143,0.0607373609053503
7.7644441,0,0,0,0,0,0,0.222839264568335,0.063560712447143,0.0607373609053503
7.7794449,0,0,0,0,0,0,0.222839264568335,0.063560712447143,0.0607373609053503
7.7924457,0,0,0,0,0,0,0.222839264568335,0.063560712447143,0.0607373609053503
7.8034463,0,0,0,0,0,0,0.222839264568335,0.063560712447143,0.0607373609053503
7.815447,0,0,0,0,0,0,0.222839264568335,0.063560712447143,0.0607373609053503
7.8284477,0,0,0,0,0,0,0.222839264568335,0.063560712447143,0.0607373609053503
7.8394484,0,0,0,0,0,0,0.222839264568335,0.063560712447143,0.0607373609053503
7.8514491,0,0,0,0,0,0,0.222839264568335,0.063560712447143,0.0607373609053503
7.8634497,0,0,0,0,0,0,0.222839264568335,0.063560712447143,0.0607373609053503
7.8754504,0,0,0,0,0,0,0.222839264568335,0.063560712447143,0.0607373609053503
7.8884512,0,0,0,0,0,0,0.222839264568335,0.063560712447143,0.0607373609053503
7.9004519,0,0,0,0,0,0,0.222839264568335,0.063560712447143,0.0607373609053503
7.9124525,0,0,0,0,0,0,0.222839264568335,0.063560712447143,0.0607373609053503
7.9264533,0,0,0,0,0,0,0.222839264568335,0.063560712447143,0.0607373609053503
7.9434543,0,0,0,0,0,0,0.222839264568335,0.063560712447143,0.0607373609053503
7.9574551,0,0,0,0,0,0,0.222839264568335,0.063560712447143,0.0607373609053503
7.9714559,0,0,0,0,0,0,0.222839264568335,0.063560712447143,0.0607373609053503
7.9854567,0,0,0,0,0,0,0.222839264568335,0.063560712447143,0.0607373609053503
7.9994575,0,0,0,0,0,0,0.222839264568335,0.063560712447143,0.0607373609053503
8.0134583,0,0,0,0,0,0,0.222839264568335,0.063560712447143,0.0607373609053503
8.0274591,0,0,0,0,0,0,0.222839264568335,0.063560712447143,0.0607373609053503
8.04246,0,0,0,0,0,0,0.222839264568335,0.063560712447143,0.0607373609053503
8.059461,0,0,0,0,0,0,0.222839264568335,0.063560712447143,0.0607373609053503
8.0754619,0,0,0,0,0,0,0.222839264568335,0.063560712447143,0.0607373609053503
8.1234646,0,0,0,0,0,0,0.222839264568335,0.063560712447143,0.0607373609053503
8.1394655,0,0,0,0,0,0,0.222839264568335,0.063560712447143,0.0607373609053503
8.1564665,0,0,0,0,0,0,0.222839264568335,0.063560712447143,0.0607373609053503
8.1714674,0,0,0,0,0,0,0.222839264568335,0.063560712447143,0.0607373609053503
8.1864682,0,0,0,0,0,0,0.222839264568335,0.063560712447143,0.0607373609053503
8.2014691,0,0,0,0,0,0,0.222839264568335,0.063560712447143,0.0607373609053503
8.2164699,0,0,0,0,0,0,0.222839264568335,0.063560712447143,0.0607373609053503
8.2314708,0,0,0,0,0,0,0.222839264568335,0.063560712447143,0.0607373609053503
8.2464716,0,0,0,0,0,0,0.222839264568335,0.063560712447143,0.0607373609053503
8.2614725,0,0,0,0,0,0,0.222839264568335,0.063560712447143,0.0607373609053503
8.322476,0,0,0,0,0,0,0.222839264568335,0.063560712447143,0.0607373609053503
8.3374769,0,0,0,0,0,0,0.222839264568335,0.063560712447143,0.0607373609053503
8.3514777,0,0,0,0,0,0,0.222839264568335,0.063560712447143,0.0607373609053503
8.3664785,0,0,0,0,0,0,0.222839264568335,0.063560712447143,0.0607373609053503
8.3814794,0,0,0,0,0,0,0.222839264568335,0.063560712447143,0.0607373609053503
8.3964802,0,0,0,0,0,0,0.222839264568335,0.063560712447143,0.0607373609053503
8.4114811,0,0,0,0,0,0,0.222839264568335,0.063560712447143,0.0607373609053503
8.4254819,0,0,0,0,0,0,0.222839264568335,0.063560712447143,0.0607373609053503
8.4404827,0,0,0,0,0,0,0.222839264568335,0.063560712447143,0.0607373609053503
8.4554836,0,0,0,0,0,0,0.222839264568335,0.063560712447143,0.0607373609053503
8.4684843,0,0,0,0,0,0,0.222839264568335,0.063560712447143,0.0607373609053503
8.4814851,0,0,0,0,0,0,0.222839264568335,0.063560712447143,0.0607373609053503
8.5084866,0,0,0,0,0,0,0.222839264568335,0.063560712447143,0.0607373609053503
8.5204873,0,0,0,0,0,0,0.222839264568335,0.063560712447143,0.0607373609053503
8.531488,0,0,0,0,0,0,0.222839264568335,0.063560712447143,0.0607373609053503
8.5434886,0,0,0,0,0,0,0.222839264568335,0.063560712447143,0.0607373609053503
8.5554893,0,0,0,0,0,0,0.222839264568335,0.063560712447143,0.0607373609053503
8.56649,0,0,0,0,0,0,0.222839264568335,0.063560712447143,0.0607373609053503
8.5794907,0,0,0,0,0,0,0.222839264568335,0.063560712447143,0.0607373609053503
8.5904913,0,0,0,0,0,0,0.222839264568335,0.063560712447143,0.0607373609053503
8.602492,0,0,0,0,0,0,0.222839264568335,0.063560712447143,0.0607373609053503
8.6134926,0,0,0,0,0,0,0.222839264568335,0.063560712447143,0.0607373609053503
8.636494,0,0,0,0,0,0,0.222839264568335,0.063560712447143,0.0607373609053503
8.6484946,0,0,0,0,0,0,0.222839264568335,0.063560712447143,0.0607373609053503
8.6604953,0,0,0,0,0,0,0.222839264568335,0.063560712447143,0.0607373609053503
8.672496,0,0,0,0,0,0,0.222839264568335,0.063560712447143,0.0607373609053503
8.6834966,0,0,0,0,0,0,0.222839264568335,0.063560712447143,0.0607373609053503
8.6954973,0,0,0,0,0,0,0.222839264568335,0.063560712447143,0.0607373609053503
8.707498,0,0,0,0,0,0,0.222839264568335,0.063560712447143,0.0607373609053503
8.7194987,0,0,0,0,0,0,0.222839264568335,0.063560712447143,0.0607373609053503
8.7384998,0,0,0,0,0,0,0.222839264568335,0.063560712447143,0.0607373609053503
8.7505005,0,0,0,0,0,0,0.222839264568335,0.063560712447143,0.0607373609053503
8.7625012,0,0,0,0,0,0,0.222839264568335,0.063560712447143,0.0607373609053503
8.7745019,0,0,0,0,0,0,0.222839264568335,0.063560712447143,0.0607373609053503
8.7875026,0,0,0,0,0,0,0.222839264568335,0.063560712447143,0.0607373609053503
8.7985032,0,0,0,0,0,0,0.222839264568335,0.063560712447143,0.0607373609053503
8.8085038,0,0,0,0,0,0,0.222839264568335,0.063560712447143,0.0607373609053503
8.8205045,0,0,0,0,0,0,0.222839264568335,0.063560712447143,0.0607373609053503
8.8455059,0,0,0,0,0,0,0.222839264568335,0.063560712447143,0.0607373609053503
8.8575066,0,0,0,0,0,0,0.222839264568335,0.063560712447143,0.0607373609053503
8.8685072,0,0,0,0,0,0,0.222839264568335,0.063560712447143,0.0607373609053503
8.8805079,0,0,0,0,0,0,0.222839264568335,0.063560712447143,0.0607373609053503
8.8925086,0,0,0,0,0,0,0.222839264568335,0.063560712447143,0.0607373609053503
8.9055093,0,0,0,0,0,0,0.222839264568335,0.063560712447143,0.0607373609053503
8.91651,0,0,0,0,0,0,0.222839264568335,0.063560712447143,0.0607373609053503
8.9295107,0,0,0,0,0,0,0.222839264568335,0.063560712447143,0.0607373609053503
8.9445116,0,0,0,0,0,0,0.222839264568335,0.063560712447143,0.0607373609053503
8.9605125,0,0,0,0,0,0,0.222839264568335,0.063560712447143,0.0607373609053503
8.9765134,0,0,0,0,0,0,0.222839264568335,0.063560712447143,0.0607373609053503
8.9915143,0,0,0,0,0,0,0.222839264568335,0.063560712447143,0.0607373609053503
9.004515,0,0,0,0,0,0,0.222839264568335,0.063560712447143,0.0607373609053503
9.0165157,0,0,0,0,0,0,0.222839264568335,0.063560712447143,0.0607373609053503
9.0295164,0,0,0,0,0,0,0.222839264568335,0.063560712447143,0.0607373609053503
9.0405171,0,0,0,0,0,0,0.222839264568335,0.063560712447143,0.0607373609053503
9.0525178,0,0,0,0,0,0,0.222839264568335,0.063560712447143,0.0607373609053503
9.0645184,0,0,0,0,0,0,0.222839264568335,0.063560712447143,0.0607373609053503
9.0765191,0,0,0,0,0,0,0.222839264568335,0.063560712447143,0.0607373609053503
9.0885198,0,0,0,0,0,0,0.222839264568335,0.063560712447143,0.0607373609053503
9.1025206,0,0,0,0,0,0,0.222839264568335,0.063560712447143,0.0607373609053503
9.1155214,0,0,0,0,0,0,0.222839264568335,0.063560712447143,0.0607373609053503
9.126522,0,0,0,0,0,0,0.222839264568335,0.063560712447143,0.0607373609053503
9.1375226,0,0,0,0,0,0,0.222839264568335,0.063560712447143,0.0607373609053503
9.1505234,0,0,0,0,0,0,0.222839264568335,0.063560712447143,0.0607373609053503
9.162524,0,0,0,0,0,0,0.222839264568335,0.063560712447143,0.0607373609053503
9.1735247,0,0,0,0,0,0,0.222839264568335,0.063560712447143,0.0607373609053503
9.1895256,0,0,0,0,0,0,0.222839264568335,0.063560712447143,0.0607373609053503
9.2095267,0,0,0,0,0,0,0.222839264568335,0.063560712447143,0.0607373609053503
9.2255276,0,0,0,0,0,0,0.222839264568335,0.063560712447143,0.0607373609053503
9.2415286,0,0,0,0,0,0,0.222839264568335,0.063560712447143,0.0607373609053503
9.2585295,0,0,0,0,0,0,0.222839264568335,0.063560712447143,0.0607373609053503
9.2735304,0,0,0,0,0,0,0.222839264568335,0.063560712447143,0.0607373609053503
9.3345339,0,0,0,0,0,0,0.222839264568335,0.063560712447143,0.0607373609053503
9.3495347,0,0,0,0,0,0,0.222839264568335,0.063560712447143,0.0607373609053503
9.3655357,0,0,0,0,0,0,0.222839264568335,0.063560712447143,0.0607373609053503
9.3795365,0,0,0,0,0,0,0.222839264568335,0.063560712447143,0.0607373609053503
9.3935373,0,0,0,0,0,0,0.222839264568335,0.063560712447143,0.0607373609053503
9.4075381,0,0,0,0,0,0,0.222839264568335,0.063560712447143,0.0607373609053503
9.4225389,0,0,0,0,0,0,0.222839264568335,0.063560712447143,0.0607373609053503
9.4385398,0,0,0,0,0,0,0.222839264568335,0.063560712447143,0.0607373609053503
9.4545407,0,0,0,0,0,0,0.222839264568335,0.063560712447143,0.0607373609053503
9.4695416,0,0,0,0,0,0,0.222839264568335,0.063560712447143,0.0607373609053503
9.4855425,0,0,0,0,0,0,0.222839264568335,0.063560712447143,0.0607373609053503
9.5005434,0,0,0,0,0,0,0.222839264568335,0.063560712447143,0.0607373609053503
9.5345453,0,0,0,0,0,0,0.222839264568335,0.063560712447143,0.0607373609053503
9.5495462,0,0,0,0,0,0,0.222839264568335,0.063560712447143,0.0607373609053503
9.5705474,0,0,0,0,0,0,0.222839264568335,0.063560712447143,0.0607373609053503
9.5855482,0,0,0,0,0,0,0.222839264568335,0.063560712447143,0.0607373609053503
9.599549,0,0,0,0,0,0,0.222839264568335,0.063560712447143,0.0607373609053503
9.6125498,0,0,0,0,0,0,0.222839264568335,0.063560712447143,0.0607373609053503
9.6265506,0,0,0,0,0,0,0.222839264568335,0.063560712447143,0.0607373609053503
9.6375512,0,0,0,0,0,0,0.222839264568335,0.063560712447143,0.0607373609053503
9.6495519,0,0,0,0,0,0,0.222839264568335,0.063560712447143,0.0607373609053503
9.6625526,0,0,0,0,0,0,0.222839264568335,0.063560712447143,0.0607373609053503
9.6735533,0,0,0,0,0,0,0.222839264568335,0.063560712447143,0.0607373609053503
9.685554,0,0,0,0,0,0,0.222839264568335,0.063560712447143,0.0607373609053503
9.7025549,0,0,0,0,0,0,0.222839264568335,0.063560712447143,0.0607373609053503
9.7145556,0,0,0,0,0,0,0.222839264568335,0.063560712447143,0.0607373609053503
9.7265563,0,0,0,0,0,0,0.222839264568335,0.063560712447143,0.0607373609053503
9.7375569,0,0,0,0,0,0,0.222839264568335,0.063560712447143,0.0607373609053503
9.7505577,0,0,0,0,0,0,0.222839264568335,0.063560712447143,0.0607373609053503
9.7625584,0,0,0,0,0,0,0.222839264568335,0.063560712447143,0.0607373609053503
9.773559,0,0,0,0,0,0,0.222839264568335,0.063560712447143,0.0607373609053503
9.7895599,0,0,0,0,0,0,0.222839264568335,0.063560712447143,0.0607373609053503
9.8095611,0,0,0,0,0,0,0.222839264568335,0.063560712447143,0.0607373609053503
9.8215617,0,0,0,0,0,0,0.222839264568335,0.063560712447143,0.0607373609053503
9.8325624,0,0,0,0,0,0,0.222839264568335,0.063560712447143,0.0607373609053503
9.8455631,0,0,0,0,0,0,0.222839264568335,0.063560712447143,0.0607373609053503
9.8565637,0,0,0,0,0,0,0.222839264568335,0.063560712447143,0.0607373609053503
9.8685644,0,0,0,0,0,0,0.222839264568335,0.063560712447143,0.0607373609053503
9.8805651,0,0,0,0,0,0,0.222839264568335,0.063560712447143,0.0607373609053503
9.8925658,0,0,0,0,0,0,0.222839264568335,0.063560712447143,0.0607373609053503
9.9155671,0,0,0,0,0,0,0.222839264568335,0.063560712447143,0.0607373609053503
9.9275678,0,0,0,0,0,0,0.222839264568335,0.063560712447143,0.0607373609053503
9.9415686,0,0,0,0,0,0,0.222839264568335,0.063560712447143,0.0607373609053503
9.9565695,0,0,0,0,0,0,0.222839264568335,0.063560712447143,0.0607373609053503
9.9705703,0,0,0,0,0,0,0.222839264568335,0.063560712447143,0.0607373609053503
9.9845711,0,0,0,0,0,0,0.222839264568335,0.063560712447143,0.0607373609053503
9.9985719,0,0,0,0,0,0,0.222839264568335,0.063560712447143,0.0607373609053503
10.0125727,0,0,0,0,0,0,0.222839264568335,0.063560712447143,0.0607373609053503
10.0245734,0,0,0,0,0,0,0.222839264568335,0.063560712447143,0.0607373609053503
10.0375741,0,0,0,0,0,0,0.222839264568335,0.063560712447143,0.0607373609053503
10.0505748,0,0,0,0,0,0,0.222839264568335,0.063560712447143,0.0607373609053503
10.0635756,0,0,0,0,0,0,0.222839264568335,0.063560712447143,0.0607373609053503
10.0765763,0,0,0,0,0,0,0.222839264568335,0.063560712447143,0.0607373609053503
10.0925772,0,0,0,0,0,0,0.222839264568335,0.063560712447143,0.0607373609053503
10.1085782,0,0,0,0,0,0,0.222839264568335,0.063560712447143,0.0607373609053503
10.1385799,0,0,0,0,0,0,0.222839264568335,0.063560712447143,0.0607373609053503
10.1535807,0,0,0,0,0,0,0.222839264568335,0.063560712447143,0.0607373609053503
10.1685816,0,0,0,0,0,0,0.222839264568335,0.063560712447143,0.0607373609053503
10.1835824,0,0,0,0,0,0,0.222839264568335,0.063560712447143,0.0607373609053503
10.1985833,0,0,0,0,0,0,0.222839264568335,0.063560712447143,0.0607373609053503
10.2125841,0,0,0,0,0,0,0.222839264568335,0.063560712447143,0.0607373609053503
10.2255848,0,0,0,0,0,0,0.222839264568335,0.063560712447143,0.0607373609053503
10.2385856,0,0,0,0,0,0,0.222839264568335,0.063560712447143,0.0607373609053503
10.2525864,0,0,0,0,0,0,0.222839264568335,0.063560712447143,0.0607373609053503
10.263587,0,0,0,0,0,0,0.222839264568335,0.063560712447143,0.0607373609053503
10.2755877,0,0,0,0,0,0,0.222839264568335,0.063560712447143,0.0607373609053503
10.2875884,0,0,0,0,0,0,0.222839264568335,0.063560712447143,0.0607373609053503
10.3055894,0,0,0,0,0,0,0.222839264568335,0.063560712447143,0.0607373609053503
10.3255906,0,0,0,0,0,0,0.222839264568335,0.063560712447143,0.0607373609053503
10.3375913,0,0,0,0,0,0,0.222839264568335,0.063560712447143,0.0607373609053503
10.350592,0,0,0,0,0,0,0.222839264568335,0.063560712447143,0.0607373609053503
10.3625927,0,0,0,0,0,0,0.222839264568335,0.063560712447143,0.0607373609053503
10.3745934,0,0,0,0,0,0,0.222839264568335,0.063560712447143,0.0607373609053503
10.3885942,0,0,0,0,0,0,0.222839264568335,0.063560712447143,0.0607373609053503
10.4055951,0,0,0,0,0,0,0.222839264568335,0.063560712447143,0.0607373609053503
10.4215961,0,0,0,0,0,0,0.222839264568335,0.063560712447143,0.0607373609053503
10.437597,0,0,0,0,0,0,0.222839264568335,0.063560712447143,0.0607373609053503
10.4525978,0,0,0,0,0,0,0.222839264568335,0.063560712447143,0.0607373609053503
10.4695988,0,0,0,0,0,0,0.222839264568335,0.063560712447143,0.0607373609053503
10.4835996,0,0,0,0,0,0,0.222839264568335,0.063560712447143,0.0607373609053503
10.4966003,0,0,0,0,0,0,0.222839264568335,0.063560712447143,0.0607373609053503
10.5096011,0,0,0,0,0,0,0.222839264568335,0.063560712447143,0.0607373609053503
10.525602,0,0,0,0,0,0,0.222839264568335,0.063560712447143,0.0607373609053503
10.5386028,0,0,0,0,0,0,0.222839264568335,0.063560712447143,0.0607373609053503
10.5506034,0,0,0,0,0,0,0.222839264568335,0.063560712447143,0.0607373609053503
10.5656043,0,0,0,0,0,0,0.222839264568335,0.063560712447143,0.0607373609053503
10.5816052,0,0,0,0,0,0,0.222839264568335,0.063560712447143,0.0607373609053503
10.5976061,0,0,0,0,0,0,0.222839264568335,0.063560712447143,0.0607373609053503
10.613607,0,0,0,0,0,0,0.222839264568335,0.063560712447143,0.0607373609053503
10.6396085,0,0,0,0,0,0,0.222839264568335,0.063560712447143,0.0607373609053503
10.6526093,0,0,0,0,0,0,0.222839264568335,0.063560712447143,0.0607373609053503
10.66561,0,0,0,0,0,0,0.222839264568335,0.063560712447143,0.0607373609053503
10.6776107,0,0,0,0,0,0,0.222839264568335,0.063560712447143,0.0607373609053503
10.6906114,0,0,0,0,0,0,0.222839264568335,0.063560712447143,0.0607373609053503
10.7036122,0,0,0,0,0,0,0.222839264568335,0.063560712447143,0.0607373609053503
10.7166129,0,0,0,0,0,0,0.222839264568335,0.063560712447143,0.0607373609053503
10.7306137,0,0,0,0,0,0,0.222839264568335,0.063560712447143,0.0607373609053503
10.7426144,0,0,0,0,0,0,0.222839264568335,0.063560712447143,0.0607373609053503
10.7536151,0,0,0,0,0,0,0.222839264568335,0.063560712447143,0.0607373609053503
10.7646157,0,0,0,0,0,0,0.222839264568335,0.063560712447143,0.0607373609053503
10.7826167,0,0,0,0,0,0,0.222839264568335,0.063560712447143,0.0607373609053503
10.7936173,0,0,0,0,0,0,0.222839264568335,0.063560712447143,0.0607373609053503
10.804618,0,0,0,0,0,0,0.222839264568335,0.063560712447143,0.0607373609053503
10.8146185,0,0,0,0,0,0,0.222839264568335,0.063560712447143,0.0607373609053503
10.8266192,0,0,0,0,0,0,0.222839264568335,0.063560712447143,0.0607373609053503
10.8386199,0,0,0,0,0,0,0.222839264568335,0.063560712447143,0.0607373609053503
10.8506206,0,0,0,0,0,0,0.222839264568335,0.063560712447143,0.0607373609053503
10.8626213,0,0,0,0,0,0,0.222839264568335,0.063560712447143,0.0607373609053503
10.8736219,0,0,0,0,0,0,0.222839264568335,0.063560712447143,0.0607373609053503
10.8906229,0,0,0,0,0,0,0.222839264568335,0.063560712447143,0.0607373609053503
10.9026236,0,0,0,0,0,0,0.222839264568335,0.063560712447143,0.0607373609053503
10.9136242,0,0,0,0,0,0,0.222839264568335,0.063560712447143,0.0607373609053503
10.9256249,0,0,0,0,0,0,0.222839264568335,0.063560712447143,0.0607373609053503
10.9386256,0,0,0,0,0,0,0.222839264568335,0.063560712447143,0.0607373609053503
10.9536265,0,0,0,0,0,0,0.222839264568335,0.063560712447143,0.0607373609053503
10.9696274,0,0,0,0,0,0,0.222839264568335,0.063560712447143,0.0607373609053503
10.9876284,0,0,0,0,0,0,0.222839264568335,0.063560712447143,0.0607373609053503
11.0046294,0,0,0,0,0,0,0.222839264568335,0.063560712447143,0.0607373609053503
11.0206303,0,0,0,0,0,0,0.222839264568335,0.063560712447143,0.0607373609053503
11.0356312,0,0,0,0,0,0,0.222839264568335,0.063560712447143,0.0607373609053503
11.050632,0,0,0,0,0,0,0.222839264568335,0.063560712447143,0.0607373609053503
11.0646328,0,0,0,0,0,0,0.222839264568335,0.063560712447143,0.0607373609053503
11.0756335,0,0,0,0,0,0,0.222839264568335,0.063560712447143,0.0607373609053503
11.0876342,0,0,0,0,0,0,0.222839264568335,0.063560712447143,0.0607373609053503
11.0986348,0,0,0,0,0,0,0.222839264568335,0.063560712447143,0.0607373609053503
11.1126356,0,0,0,0,0,0,0.222839264568335,0.063560712447143,0.0607373609053503
11.1276364,0,0,0,0,0,0,0.222839264568335,0.063560712447143,0.0607373609053503
11.1496377,0,0,0,0,0,0,0.222839264568335,0.063560712447143,0.0607373609053503
11.1656386,0,0,0,0,0,0,0.222839264568335,0.063560712447143,0.0607373609053503
11.1816395,0,0,0,0,0,0,0.222839264568335,0.063560712447143,0.0607373609053503
11.1976404,0,0,0,0,0,0,0.222839264568335,0.063560712447143,0.0607373609053503
11.2136414,0,0,0,0,0,0,0.222839264568335,0.063560712447143,0.0607373609053503
11.2286422,0,0,0,0,0,0,0.222839264568335,0.063560712447143,0.0607373609053503
11.2456432,0,0,0,0,0,0,0.222839264568335,0.063560712447143,0.0607373609053503
11.2616441,0,0,0,0,0,0,0.222839264568335,0.063560712447143,0.0607373609053503
11.277645,0,0,0,0,0,0,0.222839264568335,0.063560712447143,0.0607373609053503
11.2936459,0,0,0,0,0,0,0.222839264568335,0.063560712447143,0.0607373609053503
11.3096469,0,0,0,0,0,0,0.222839264568335,0.063560712447143,0.0607373609053503
11.3366484,0,0,0,0,0,0,0.222839264568335,0.063560712447143,0.0607373609053503
11.3676502,0,0,0,0,0,0,0.222839264568335,0.063560712447143,0.0607373609053503
11.382651,0,0,0,0,0,0,0.222839264568335,0.063560712447143,0.0607373609053503
11.3986519,0,0,0,0,0,0,0.222839264568335,0.063560712447143,0.0607373609053503
11.4156529,0,0,0,0,0,0,0.222839264568335,0.063560712447143,0.0607373609053503
11.4306538,0,0,0,0,0,0,0.222839264568335,0.063560712447143,0.0607373609053503
11.4476547,0,0,0,0,0,0,0.222839264568335,0.063560712447143,0.0607373609053503
11.4636557,0,0,0,0,0,0,0.222839264568335,0.063560712447143,0.0607373609053503
11.4796566,0,0,0,0,0,0,0.222839264568335,0.063560712447143,0.0607373609053503
11.4956575,0,0,0,0,0,0,0.222839264568335,0.063560712447143,0.0607373609053503
11.5106584,0,0,0,0,0,0,0.222839264568335,0.063560712447143,0.0607373609053503
11.5266593,0,0,0,0,0,0,0.222839264568335,0.063560712447143,0.0607373609053503
11.5646614,0,0,0,0,0,0,0.222839264568335,0.063560712447143,0.0607373609053503
11.5786622,0,0,0,0,0,0,0.222839264568335,0.063560712447143,0.0607373609053503
11.5906629,0,0,0,0,0,0,0.222839264568335,0.063560712447143,0.0607373609053503
11.6026636,0,0,0,0,0,0,0.222839264568335,0.063560712447143,0.0607373609053503
11.6166644,0,0,0,0,0,0,0.222839264568335,0.063560712447143,0.0607373609053503
11.6296652,0,0,0,0,0,0,0.222839264568335,0.063560712447143,0.0607373609053503
11.6426659,0,0,0,0,0,0,0.222839264568335,0.063560712447143,0.0607373609053503
11.6566667,0,0,0,0,0,0,0.222839264568335,0.063560712447143,0.0607373609053503
11.6696674,0,0,0,0,0,0,0.222839264568335,0.063560712447143,0.0607373609053503
11.6806681,0,0,0,0,0,0,0.222839264568335,0.063560712447143,0.0607373609053503
11.6926688,0,0,0,0,0,0,0.222839264568335,0.063560712447143,0.0607373609053503
11.7046694,0,0,0,0,0,0,0.222839264568335,0.063560712447143,0.0607373609053503
11.7296709,0,0,0,0,0,0,0.222839264568335,0.063560712447143,0.0607373609053503
11.7436717,0,0,0,0,0,0,0.222839264568335,0.063560712447143,0.0607373609053503
11.7536723,0,0,0,0,0,0,0.222839264568335,0.063560712447143,0.0607373609053503
11.7656729,0,0,0,0,0,0,0.222839264568335,0.063560712447143,0.0607373609053503
11.7776736,0,0,0,0,0,0,0.222839264568335,0.063560712447143,0.0607373609053503
11.7896743,0,0,0,0,0,0,0.222839264568335,0.063560712447143,0.0607373609053503
11.8026751,0,0,0,0,0,0,0.222839264568335,0.063560712447143,0.0607373609053503
11.8176759,0,0,0,0,0,0,0.222839264568335,0.063560712447143,0.0607373609053503
11.8306767,0,0,0,0,0,0,0.222839264568335,0.063560712447143,0.0607373609053503
11.8436774,0,0,0,0,0,0,0.222839264568335,0.063560712447143,0.0607373609053503
11.854678,0,0,0,0,0,0,0.222839264568335,0.063560712447143,0.0607373609053503
11.8656787,0,0,0,0,0,0,0.222839264568335,0.063560712447143,0.0607373609053503
11.8776793,0,0,0,0,0,0,0.222839264568335,0.063560712447143,0.0607373609053503
11.8906801,0,0,0,0,0,0,0.222839264568335,0.063560712447143,0.0607373609053503
11.9016807,0,0,0,0,0,0,0.222839264568335,0.063560712447143,0.0607373609053503
11.9126813,0,0,0,0,0,0,0.222839264568335,0.063560712447143,0.0607373609053503
11.9366827,0,0,0,0,0,0,0.222839264568335,0.063560712447143,0.0607373609053503
11.9516836,0,0,0,0,0,0,0.222839264568335,0.063560712447143,0.0607373609053503
11.9626842,0,0,0,0,0,0,0.222839264568335,0.063560712447143,0.0607373609053503
11.9756849,0,0,0,0,0,0,0.222839264568335,0.063560712447143,0.0607373609053503
11.9876856,0,0,0,0,0,0,0.222839264568335,0.063560712447143,0.0607373609053503
12.0006864,0,0,0,0,0,0,0.222839264568335,0.063560712447143,0.0607373609053503
12.0166873,0,0,0,0,0,0,0.222839264568335,0.063560712447143,0.0607373609053503
12.0336883,0,0,0,0,0,0,0.222839264568335,0.063560712447143,0.0607373609053503
12.0506892,0,0,0,0,0,0,0.222839264568335,0.063560712447143,0.0607373609053503
12.0656901,0,0,0,0,0,0,0.222839264568335,0.063560712447143,0.0607373609053503
12.080691,0,0,0,0,0,0,0.222839264568335,0.063560712447143,0.0607373609053503
12.0946918,0,0,0,0,0,0,0.222839264568335,0.063560712447143,0.0607373609053503
12.1076925,0,0,0,0,0,0,0.222839264568335,0.063560712447143,0.0607373609053503
12.1206932,0,0,0,0,0,0,0.222839264568335,0.063560712447143,0.0607373609053503
12.1316939,0,0,0,0,0,0,0.222839264568335,0.063560712447143,0.0607373609053503
12.1486948,0,0,0,0,0,0,0.222839264568335,0.063560712447143,0.0607373609053503
12.1606955,0,0,0,0,0,0,0.222839264568335,0.063560712447143,0.0607373609053503
12.1736963,0,0,0,0,0,0,0.222839264568335,0.063560712447143,0.0607373609053503
12.1886971,0,0,0,0,0,0,0.222839264568335,0.063560712447143,0.0607373609053503
12.204698,0,0,0,0,0,0,0.222839264568335,0.063560712447143,0.0607373609053503
12.2196989,0,0,0,0,0,0,0.222839264568335,0.063560712447143,0.0607373609053503
12.2346998,0,0,0,0,0,0,0.222839264568335,0.063560712447143,0.0607373609053503
12.2527008,0,0,0,0,0,0,0.222839264568335,0.063560712447143,0.0607373609053503
12.2667016,0,0,0,0,0,0,0.222839264568335,0.063560712447143,0.0607373609053503
12.2797023,0,0,0,0,0,0,0.222839264568335,0.063560712447143,0.0607373609053503
12.291703,0,0,0,0,0,0,0.222839264568335,0.063560712447143,0.0607373609053503
12.3067039,0,0,0,0,0,0,0.222839264568335,0.063560712447143,0.0607373609053503
12.3217047,0,0,0,0,0,0,0.222839264568335,0.063560712447143,0.0607373609053503
12.3697075,0,0,0,0,0,0,0.222839264568335,0.063560712447143,0.0607373609053503
12.3867085,0,0,0,0,0,0,0.222839264568335,0.063560712447143,0.0607373609053503
12.4027094,0,0,0,0,0,0,0.222839264568335,0.063560712447143,0.0607373609053503
12.4177102,0,0,0,0,0,0,0.222839264568335,0.063560712447143,0.0607373609053503
12.4327111,0,0,0,0,0,0,0.222839264568335,0.063560712447143,0.0607373609053503
12.4467119,0,0,0,0,0,0,0.222839264568335,0.063560712447143,0.0607373609053503
12.4617127,0,0,0,0,0,0,0.222839264568335,0.063560712447143,0.0607373609053503
12.4757135,0,0,0,0,0,0,0.222839264568335,0.063560712447143,0.0607373609053503
12.4907144,0,0,0,0,0,0,0.222839264568335,0.063560712447143,0.0607373609053503
12.5057153,0,0,0,0,0,0,0.222839264568335,0.063560712447143,0.0607373609053503
12.5217162,0,0,0,0,0,0,0.222839264568335,0.063560712447143,0.0607373609053503
12.5377171,0,0,0,0,0,0,0.222839264568335,0.063560712447143,0.0607373609053503
12.5967205,0,0,0,0,0,0,0.222839264568335,0.063560712447143,0.0607373609053503
12.6127214,0,0,0,0,0,0,0.222839264568335,0.063560712447143,0.0607373609053503
12.6267222,0,0,0,0,0,0,0.222839264568335,0.063560712447143,0.0607373609053503
12.6427231,0,0,0,0,0,0,0.222839264568335,0.063560712447143,0.0607373609053503
12.6647244,0,0,0,0,0,0,0.222839264568335,0.063560712447143,0.0607373609053503
12.6787252,0,0,0,0,0,0,0.222839264568335,0.063560712447143,0.0607373609053503
12.6907258,0,0,0,0,0,0,0.222839264568335,0.063560712447143,0.0607373609053503
12.7037266,0,0,0,0,0,0,0.222839264568335,0.063560712447143,0.0607373609053503
12.7167273,0,0,0,0,0,0,0.222839264568335,0.063560712447143,0.0607373609053503
12.727728,0,0,0,0,0,0,0.222839264568335,0.063560712447143,0.0607373609053503
12.7397286,0,0,0,0,0,0,0.222839264568335,0.063560712447143,0.0607373609053503
12.7577297,0,0,0,0,0,0,0.222839264568335,0.063560712447143,0.0607373609053503
12.7677303,0,0,0,0,0,0,0.222839264568335,0.063560712447143,0.0607373609053503
12.7797309,0,0,0,0,0,0,0.222839264568335,0.063560712447143,0.0607373609053503
12.8027323,0,0,0,0,0,0,0.222839264568335,0.063560712447143,0.0607373609053503
12.8137329,0,0,0,0,0,0,0.222839264568335,0.063560712447143,0.0607373609053503
12.8257336,0,0,0,0,0,0,0.222839264568335,0.063560712447143,0.0607373609053503
12.8377343,0,0,0,0,0,0,0.222839264568335,0.063560712447143,0.0607373609053503
12.8487349,0,0,0,0,0,0,0.222839264568335,0.063560712447143,0.0607373609053503
12.8597355,0,0,0,0,0,0,0.222839264568335,0.063560712447143,0.0607373609053503
12.8707361,0,0,0,0,0,0,0.222839264568335,0.063560712447143,0.0607373609053503
12.8827368,0,0,0,0,0,0,0.222839264568335,0.063560712447143,0.0607373609053503
12.9057381,0,0,0,0,0,0,0.222839264568335,0.063560712447143,0.0607373609053503
12.9167388,0,0,0,0,0,0,0.222839264568335,0.063560712447143,0.0607373609053503
12.9287395,0,0,0,0,0,0,0.222839264568335,0.063560712447143,0.0607373609053503
12.9407401,0,0,0,0,0,0,0.222839264568335,0.063560712447143,0.0607373609053503
12.9517408,0,0,0,0,0,0,0.222839264568335,0.063560712447143,0.0607373609053503
12.9667416,0,0,0,0,0,0,0.222839264568335,0.063560712447143,0.0607373609053503
12.9787423,0,0,0,0,0,0,0.222839264568335,0.063560712447143,0.0607373609053503
12.990743,0,0,0,0,0,0,0.222839264568335,0.063560712447143,0.0607373609053503
13.008744,0,0,0,0,0,0,0.222839264568335,0.063560712447143,0.0607373609053503
13.0207447,0,0,0,0,0,0,0.222839264568335,0.063560712447143,0.0607373609053503
13.0327454,0,0,0,0,0,0,0.222839264568335,0.063560712447143,0.0607373609053503
13.0447461,0,0,0,0,0,0,0.222839264568335,0.063560712447143,0.0607373609053503
13.059747,0,0,0,0,0,0,0.222839264568335,0.063560712447143,0.0607373609053503
13.0757479,0,0,0,0,0,0,0.222839264568335,0.063560712447143,0.0607373609053503
13.0917488,0,0,0,0,0,0,0.222839264568335,0.063560712447143,0.0607373609053503
13.1077497,0,0,0,0,0,0,0.222839264568335,0.063560712447143,0.0607373609053503
13.1237506,0,0,0,0,0,0,0.222839264568335,0.063560712447143,0.0607373609053503
13.1387515,0,0,0,0,0,0,0.222839264568335,0.063560712447143,0.0607373609053503
13.1787538,0,0,0,0,0,0,0.222839264568335,0.063560712447143,0.0607373609053503
13.1927546,0,0,0,0,0,0,0.222839264568335,0.063560712447143,0.0607373609053503
13.2057553,0,0,0,0,0,0,0.222839264568335,0.063560712447143,0.0607373609053503
13.2197561,0,0,0,0,0,0,0.222839264568335,0.063560712447143,0.0607373609053503
13.2337569,0,0,0,0,0,0,0.222839264568335,0.063560712447143,0.0607373609053503
13.2477577,0,0,0,0,0,0,0.222839264568335,0.063560712447143,0.0607373609053503
13.2627586,0,0,0,0,0,0,0.222839264568335,0.063560712447143,0.0607373609053503
13.2767594,0,0,0,0,0,0,0.222839264568335,0.063560712447143,0.0607373609053503
13.2907602,0,0,0,0,0,0,0.222839264568335,0.063560712447143,0.0607373609053503
13.304761,0,0,0,0,0,0,0.222839264568335,0.063560712447143,0.0607373609053503
13.3187618,0,0,0,0,0,0,0.222839264568335,0.063560712447143,0.0607373609053503
13.3327626,0,0,0,0,0,0,0.222839264568335,0.063560712447143,0.0607373609053503
13.3567639,0,0,0,0,0,0,0.222839264568335,0.063560712447143,0.0607373609053503
13.374765,0,0,0,0,0,0,0.222839264568335,0.063560712447143,0.0607373609053503
13.3887658,0,0,0,0,0,0,0.222839264568335,0.063560712447143,0.0607373609053503
13.4027666,0,0,0,0,0,0,0.222839264568335,0.063560712447143,0.0607373609053503
13.4167674,0,0,0,0,0,0,0.222839264568335,0.063560712447143,0.0607373609053503
13.4307682,0,0,0,0,0,0,0.222839264568335,0.063560712447143,0.0607373609053503
13.444769,0,0,0,0,0,0,0.222839264568335,0.063560712447143,0.0607373609053503
13.4587698,0,0,0,0,0,0,0.222839264568335,0.063560712447143,0.0607373609053503
13.4727706,0,0,0,0,0,0,0.222839264568335,0.063560712447143,0.0607373609053503
13.4857713,0,0,0,0,0,0,0.222839264568335,0.063560712447143,0.0607373609053503
13.4997721,0,0,0,0,0,0,0.222839264568335,0.063560712447143,0.0607373609053503
13.5137729,0,0,0,0,0,0,0.222839264568335,0.063560712447143,0.0607373609053503
13.5277737,0,0,0,0,0,0,0.222839264568335,0.063560712447143,0.0607373609053503
13.5417745,0,0,0,0,0,0,0.222839264568335,0.063560712447143,0.0607373609053503
13.5557753,0,0,0,0,0,0,0.222839264568335,0.063560712447143,0.0607373609053503
13.5867771,0,0,0,0,0,0,0.222839264568335,0.063560712447143,0.0607373609053503
13.602778,0,0,0,0,0,0,0.222839264568335,0.063560712447143,0.0607373609053503
13.6187789,0,0,0,0,0,0,0.222839264568335,0.063560712447143,0.0607373609053503
13.6327797,0,0,0,0,0,0,0.222839264568335,0.063560712447143,0.0607373609053503
13.6467805,0,0,0,0,0,0,0.222839264568335,0.063560712447143,0.0607373609053503
13.6607813,0,0,0,0,0,0,0.222839264568335,0.063560712447143,0.0607373609053503
13.6757822,0,0,0,0,0,0,0.222839264568335,0.063560712447143,0.0607373609053503
13.690783,0,0,0,0,0,0,0.222839264568335,0.063560712447143,0.0607373609053503
13.7057839,0,0,0,0,0,0,0.222839264568335,0.063560712447143,0.0607373609053503
13.7217848,0,0,0,0,0,0,0.222839264568335,0.063560712447143,0.0607373609053503
13.7537867,0,0,0,0,0,0,0.222839264568335,0.063560712447143,0.0607373609053503
13.7927889,0,0,0,0,0,0,0.222839264568335,0.063560712447143,0.0607373609053503
13.8047896,0,0,0,0,0,0,0.222839264568335,0.063560712447143,0.0607373609053503
13.8217905,0,0,0,0,0,0,0.222839264568335,0.063560712447143,0.0607373609053503
13.8337912,0,0,0,0,0,0,0.222839264568335,0.063560712447143,0.0607373609053503
13.846792,0,0,0,0,0,0,0.222839264568335,0.063560712447143,0.0607373609053503
13.8587927,0,0,0,0,0,0,0.222839264568335,0.063560712447143,0.0607373609053503
13.8707933,0,0,0,0,0,0,0.222839264568335,0.063560712447143,0.0607373609053503
13.882794,0,0,0,0,0,0,0.222839264568335,0.063560712447143,0.0607373609053503
13.8977949,0,0,0,0,0,0,0.222839264568335,0.063560712447143,0.0607373609053503
13.9097956,0,0,0,0,0,0,0.222839264568335,0.063560712447143,0.0607373609053503
13.9217963,0,0,0,0,0,0,0.222839264568335,0.063560712447143,0.0607373609053503
13.9327969,0,0,0,0,0,0,0.222839264568335,0.063560712447143,0.0607373609053503
13.9427975,0,0,0,0,0,0,0.222839264568335,0.063560712447143,0.0607373609053503
13.9547981,0,0,0,0,0,0,0.222839264568335,0.063560712447143,0.0607373609053503
13.9717991,0,0,0,0,0,0,0.222839264568335,0.063560712447143,0.0607373609053503
13.9837998,0,0,0,0,0,0,0.222839264568335,0.063560712447143,0.0607373609053503
14.0018008,0,0,0,0,0,0,0.222839264568335,0.063560712447143,0.0607373609053503
14.0138015,0,0,0,0,0,0,0.222839264568335,0.063560712447143,0.0607373609053503
14.0248022,0,0,0,0,0,0,0.222839264568335,0.063560712447143,0.0607373609053503
14.0368028,0,0,0,0,0,0,0.222839264568335,0.063560712447143,0.0607373609053503
14.0488035,0,0,0,0,0,0,0.222839264568335,0.063560712447143,0.0607373609053503
14.0598042,0,0,0,0,0,0,0.222839264568335,0.063560712447143,0.0607373609053503
14.0728049,0,0,0,0,0,0,0.222839264568335,0.063560712447143,0.0607373609053503
14.0848056,0,0,0,0,0,0,0.222839264568335,0.063560712447143,0.0607373609053503
14.0968063,0,0,0,0,0,0,0.222839264568335,0.063560712447143,0.0607373609053503
14.1118071,0,0,0,0,0,0,0.222839264568335,0.063560712447143,0.0607373609053503
14.127808,0,0,0,0,0,0,0.222839264568335,0.063560712447143,0.0607373609053503
14.143809,0,0,0,0,0,0,0.222839264568335,0.063560712447143,0.0607373609053503
14.1598099,0,0,0,0,0,0,0.222839264568335,0.063560712447143,0.0607373609053503
14.2158131,0,0,0,0,0,0,0.222839264568335,0.063560712447143,0.0607373609053503
14.2308139,0,0,0,0,0,0,0.222839264568335,0.063560712447143,0.0607373609053503
14.2458148,0,0,0,0,0,0,0.222839264568335,0.063560712447143,0.0607373609053503
14.2578155,0,0,0,0,0,0,0.222839264568335,0.063560712447143,0.0607373609053503
14.2718163,0,0,0,0,0,0,0.222839264568335,0.063560712447143,0.0607373609053503
14.2858171,0,0,0,0,0,0,0.222839264568335,0.063560712447143,0.0607373609053503
14.3008179,0,0,0,0,0,0,0.222839264568335,0.063560712447143,0.0607373609053503
14.3168189,0,0,0,0,0,0,0.222839264568335,0.063560712447143,0.0607373609053503
14.3318197,0,0,0,0,0,0,0.222839264568335,0.063560712447143,0.0607373609053503
14.3478206,0,0,0,0,0,0,0.222839264568335,0.063560712447143,0.0607373609053503
14.3758222,0,0,0,0,0,0,0.222839264568335,0.063560712447143,0.0607373609053503
14.4058239,0,0,0,0,0,0,0.222839264568335,0.063560712447143,0.0607373609053503
14.4198247,0,0,0,0,0,0,0.222839264568335,0.063560712447143,0.0607373609053503
14.4328255,0,0,0,0,0,0,0.222839264568335,0.063560712447143,0.0607373609053503
14.4468263,0,0,0,0,0,0,0.222839264568335,0.063560712447143,0.0607373609053503
14.458827,0,0,0,0,0,0,0.222839264568335,0.063560712447143,0.0607373609053503
14.4758279,0,0,0,0,0,0,0.222839264568335,0.063560712447143,0.0607373609053503
14.4908288,0,0,0,0,0,0,0.222839264568335,0.063560712447143,0.0607373609053503
14.5048296,0,0,0,0,0,0,0.222839264568335,0.063560712447143,0.0607373609053503
14.5188304,0,0,0,0,0,0,0.222839264568335,0.063560712447143,0.0607373609053503
14.5318312,0,0,0,0,0,0,0.222839264568335,0.063560712447143,0.0607373609053503
14.545832,0,0,0,0,0,0,0.222839264568335,0.063560712447143,0.0607373609053503
14.5618329,0,0,0,0,0,0,0.222839264568335,0.063560712447143,0.0607373609053503
14.6018352,0,0,0,0,0,0,0.222839264568335,0.063560712447143,0.0607373609053503
14.616836,0,0,0,0,0,0,0.222839264568335,0.063560712447143,0.0607373609053503
14.6298368,0,0,0,0,0,0,0.222839264568335,0.063560712447143,0.0607373609053503
14.6428375,0,0,0,0,0,0,0.222839264568335,0.063560712447143,0.0607373609053503
14.6558382,0,0,0,0,0,0,0.222839264568335,0.063560712447143,0.0607373609053503
14.669839,0,0,0,0,0,0,0.222839264568335,0.063560712447143,0.0607373609053503
14.6838398,0,0,0,0,0,0,0.222839264568335,0.063560712447143,0.0607373609053503
14.6978406,0,0,0,0,0,0,0.222839264568335,0.063560712447143,0.0607373609053503
14.7118414,0,0,0,0,0,0,0.222839264568335,0.063560712447143,0.0607373609053503
14.7258422,0,0,0,0,0,0,0.222839264568335,0.063560712447143,0.0607373609053503
14.738843,0,0,0,0,0,0,0.222839264568335,0.063560712447143,0.0607373609053503
14.7518437,0,0,0,0,0,0,0.222839264568335,0.063560712447143,0.0607373609053503
14.7648445,0,0,0,0,0,0,0.222839264568335,0.063560712447143,0.0607373609053503
14.7838456,0,0,0,0,0,0,0.222839264568335,0.063560712447143,0.0607373609053503
14.7958463,0,0,0,0,0,0,0.222839264568335,0.063560712447143,0.0607373609053503
14.8058468,0,0,0,0,0,0,0.222839264568335,0.063560712447143,0.0607373609053503
14.8178475,0,0,0,0,0,0,0.222839264568335,0.063560712447143,0.0607373609053503
14.8398488,0,0,0,0,0,0,0.222839264568335,0.063560712447143,0.0607373609053503
14.8508494,0,0,0,0,0,0,0.222839264568335,0.063560712447143,0.0607373609053503
14.86085,0,0,0,0,0,0,0.222839264568335,0.063560712447143,0.0607373609053503
14.8738507,0,0,0,0,0,0,0.222839264568335,0.063560712447143,0.0607373609053503
14.8868515,0,0,0,0,0,0,0.222839264568335,0.063560712447143,0.0607373609053503
14.8988521,0,0,0,0,0,0,0.222839264568335,0.063560712447143,0.0607373609053503
14.9098528,0,0,0,0,0,0,0.222839264568335,0.063560712447143,0.0607373609053503
14.9218535,0,0,0,0,0,0,0.222839264568335,0.063560712447143,0.0607373609053503
14.9428547,0,0,0,0,0,0,0.222839264568335,0.063560712447143,0.0607373609053503
14.9548553,0,0,0,0,0,0,0.222839264568335,0.063560712447143,0.0607373609053503
14.965856,0,0,0,0,0,0,0.222839264568335,0.063560712447143,0.0607373609053503
14.9778567,0,0,0,0,0,0,0.222839264568335,0.063560712447143,0.0607373609053503
14.9948576,0,0,0,0,0,0,0.222839264568335,0.063560712447143,0.0607373609053503
15.0068583,0,0,0,0,0,0,0.222839264568335,0.063560712447143,0.0607373609053503
15.017859,0,0,0,0,0,0,0.222839264568335,0.063560712447143,0.0607373609053503
15.0298596,0,0,0,0,0,0,0.222839264568335,0.063560712447143,0.0607373609053503
15.0478607,0,0,0,0,0,0,0.222839264568335,0.063560712447143,0.0607373609053503
15.0598614,0,0,0,0,0,0,0.222839264568335,0.063560712447143,0.0607373609053503
15.0758623,0,0,0,0,0,0,0.222839264568335,0.063560712447143,0.0607373609053503
15.0918632,0,0,0,0,0,0,0.222839264568335,0.063560712447143,0.0607373609053503
15.1078641,0,0,0,0,0,0,0.222839264568335,0.063560712447143,0.0607373609053503
15.122865,0,0,0,0,0,0,0.222839264568335,0.063560712447143,0.0607373609053503
15.1398659,0,0,0,0,0,0,0.222839264568335,0.063560712447143,0.0607373609053503
15.1538667,0,0,0,0,0,0,0.222839264568335,0.063560712447143,0.0607373609053503
15.1668675,0,0,0,0,0,0,0.222839264568335,0.063560712447143,0.0607373609053503
15.1798682,0,0,0,0,0,0,0.222839264568335,0.063560712447143,0.0607373609053503
15.1908688,0,0,0,0,0,0,0.222839264568335,0.063560712447143,0.0607373609053503
15.2038696,0,0,0,0,0,0,0.222839264568335,0.063560712447143,0.0607373609053503
15.2148702,0,0,0,0,0,0,0.222839264568335,0.063560712447143,0.0607373609053503
15.227871,0,0,0,0,0,0,0.222839264568335,0.063560712447143,0.0607373609053503
15.2398716,0,0,0,0,0,0,0.222839264568335,0.063560712447143,0.0607373609053503
15.2538725,0,0,0,0,0,0,0.222839264568335,0.063560712447143,0.0607373609053503
15.2698734,0,0,0,0,0,0,0.222839264568335,0.063560712447143,0.0607373609053503
15.2838742,0,0,0,0,0,0,0.222839264568335,0.063560712447143,0.0607373609053503
15.297875,0,0,0,0,0,0,0.222839264568335,0.063560712447143,0.0607373609053503
15.3108757,0,0,0,0,0,0,0.222839264568335,0.063560712447143,0.0607373609053503
15.3228764,0,0,0,0,0,0,0.222839264568335,0.063560712447143,0.0607373609053503
15.3348771,0,0,0,0,0,0,0.222839264568335,0.063560712447143,0.0607373609053503
15.3468778,0,0,0,0,0,0,0.222839264568335,0.063560712447143,0.0607373609053503
15.3588785,0,0,0,0,0,0,0.222839264568335,0.063560712447143,0.0607373609053503
15.3928804,0,0,0,0,0,0,0.222839264568335,0.063560712447143,0.0607373609053503
15.4078813,0,0,0,0,0,0,0.222839264568335,0.063560712447143,0.0607373609053503
15.420882,0,0,0,0,0,0,0.222839264568335,0.063560712447143,0.0607373609053503
15.4338827,0,0,0,0,0,0,0.222839264568335,0.063560712447143,0.0607373609053503
15.4468835,0,0,0,0,0,0,0.222839264568335,0.063560712447143,0.0607373609053503
15.4588842,0,0,0,0,0,0,0.222839264568335,0.063560712447143,0.0607373609053503
15.4708849,0,0,0,0,0,0,0.222839264568335,0.063560712447143,0.0607373609053503
15.4828855,0,0,0,0,0,0,0.222839264568335,0.063560712447143,0.0607373609053503
15.4948862,0,0,0,0,0,0,0.222839264568335,0.063560712447143,0.0607373609053503
15.5068869,0,0,0,0,0,0,0.222839264568335,0.063560712447143,0.0607373609053503
15.5218878,0,0,0,0,0,0,0.222839264568335,0.063560712447143,0.0607373609053503
15.5378887,0,0,0,0,0,0,0.222839264568335,0.063560712447143,0.0607373609053503
15.5538896,0,0,0,0,0,0,0.222839264568335,0.063560712447143,0.0607373609053503
15.5688905,0,0,0,0,0,0,0.222839264568335,0.063560712447143,0.0607373609053503
15.5858914,0,0,0,0,0,0,0.222839264568335,0.063560712447143,0.0607373609053503
15.613893,0,0,0,0,0,0,0.222839264568335,0.063560712447143,0.0607373609053503
15.6278938,0,0,0,0,0,0,0.222839264568335,0.063560712447143,0.0607373609053503
15.6428947,0,0,0,0,0,0,0.222839264568335,0.063560712447143,0.0607373609053503
15.6568955,0,0,0,0,0,0,0.222839264568335,0.063560712447143,0.0607373609053503
15.6708963,0,0,0,0,0,0,0.222839264568335,0.063560712447143,0.0607373609053503
15.6858972,0,0,0,0,0,0,0.222839264568335,0.063560712447143,0.0607373609053503
15.700898,0,0,0,0,0,0,0.222839264568335,0.063560712447143,0.0607373609053503
15.7158989,0,0,0,0,0,0,0.222839264568335,0.063560712447143,0.0607373609053503
15.7308997,0,0,0,0,0,0,0.222839264568335,0.063560712447143,0.0607373609053503
15.7489008,0,0,0,0,0,0,0.222839264568335,0.063560712447143,0.0607373609053503
15.770902,0,0,0,0,0,0,0.222839264568335,0.063560712447143,0.0607373609053503
15.7829027,0,0,0,0,0,0,0.222839264568335,0.063560712447143,0.0607373609053503
15.7949034,0,0,0,0,0,0,0.222839264568335,0.063560712447143,0.0607373609053503
15.805904,0,0,0,0,0,0,0.222839264568335,0.063560712447143,0.0607373609053503
15.8179047,0,0,0,0,0,0,0.222839264568335,0.063560712447143,0.0607373609053503
15.8299054,0,0,0,0,0,0,0.222839264568335,0.063560712447143,0.0607373609053503
15.8419061,0,0,0,0,0,0,0.222839264568335,0.063560712447143,0.0607373609053503
15.8529067,0,0,0,0,0,0,0.222839264568335,0.063560712447143,0.0607373609053503
15.8799083,0,0,0,0,0,0,0.222839264568335,0.063560712447143,0.0607373609053503
15.8909089,0,0,0,0,0,0,0.222839264568335,0.063560712447143,0.0607373609053503
15.9019095,0,0,0,0,0,0,0.222839264568335,0.063560712447143,0.0607373609053503
15.9149103,0,0,0,0,0,0,0.222839264568335,0.063560712447143,0.0607373609053503
15.9269109,0,0,0,0,0,0,0.222839264568335,0.063560712447143,0.0607373609053503
15.9379116,0,0,0,0,0,0,0.222839264568335,0.063560712447143,0.0607373609053503
15.9489122,0,0,0,0,0,0,0.222839264568335,0.063560712447143,0.0607373609053503
15.9619129,0,0,0,0,0,0,0.222839264568335,0.063560712447143,0.0607373609053503
15.9839142,0,0,0,0,0,0,0.222839264568335,0.063560712447143,0.0607373609053503
15.9999151,0,0,0,0,0,0,0.222839264568335,0.063560712447143,0.0607373609053503
16.0119158,0,0,0,0,0,0,0.222839264568335,0.063560712447143,0.0607373609053503
16.0229164,0,0,0,0,0,0,0.222839264568335,0.063560712447143,0.0607373609053503
16.0349171,0,0,0,0,0,0,0.222839264568335,0.063560712447143,0.0607373609053503
16.0469178,0,0,0,0,0,0,0.222839264568335,0.063560712447143,0.0607373609053503
16.0589185,0,0,0,0,0,0,0.222839264568335,0.063560712447143,0.0607373609053503
16.0699191,0,0,0,0,0,0,0.222839264568335,0.063560712447143,0.0607373609053503
16.0879202,0,0,0,0,0,0,0.222839264568335,0.063560712447143,0.0607373609053503
16.0999208,0,0,0,0,0,0,0.222839264568335,0.063560712447143,0.0607373609053503
16.1149217,0,0,0,0,0,0,0.222839264568335,0.063560712447143,0.0607373609053503
16.1309226,0,0,0,0,0,0,0.222839264568335,0.063560712447143,0.0607373609053503
16.1459235,0,0,0,0,0,0,0.222839264568335,0.063560712447143,0.0607373609053503
16.3009323,0,0,0,0,0,0,0.222839264568335,0.063560712447143,0.0607373609053503
