time,x,y,t
0.0040002,0,0,0
0.0260015,0,0,0
0.0380022,0,0,0
0.0490028,0,0,0
0.0610035,0,0,0
0.0720041,0,0,0
0.0830047,0,0,0
0.0940054,0,0,0
0.106006,0,0,0
0.1170067,0,0,0
0.1290074,0,0,0
0.1410081,0,0,0
0.1520087,0,0,0
0.1730099,0,0,0
0.1860106,0,0,0
0.1970113,0,0,0
0.2080119,0,0,0
0.2190125,0,0,0
0.2300131,0,0,0
0.2420138,0,0,0
0.2530145,0,0,0
0.2640151,0,0,0
0.2750157,0,0,0
0.2860163,0,0,0
0.297017,0,0,0
0.3080176,0,0,0
0.3190182,0,0,0
0.3300189,0,0,0
0.3760215,0,0,0
0.3880222,0,0,0
0.3990228,0,0,0
0.4100234,0,0,0
0.4220241,0,0,0
0.4340248,0,0,0
0.4450254,0,0,0
0.4560261,0,0,0
0.4670267,0,0,0
0.4780273,0,0,0
0.4910281,0,0,0
0.5050289,0,0,0
0.5180296,0,0,0
0.5290302,0,0,0
0.5400309,0,0,0
0.5510315,0,0,0
0.5650323,0,0,0
0.5790331,0,0,0
0.5900337,0,0,0
0.6010344,0,0,0
0.613035,0,0,0
0.6240357,0,0,0
0.6350363,0,0,0
0.6460369,0,0,0
0.6570376,0,0,0
0.6680382,0,0,0
0.6790388,0,0,0
0.6910395,0,0,0
0.7020401,0,0,0
0.7140408,0,0,0
0.7250415,0,0,0
0.7370421,0,0,0
0.752043,0,0,0
0.769044,0,0,0
0.7810447,0,0,0
0.7920453,0,0,0
0.804046,0,0,0
0.8150466,0,0,0
0.8260472,0,0,0
0.8370479,0,0,0
0.8480485,0,0,0
0.8590491,0,0,0
0.8710498,0,0,0
0.8830505,0,0,0
0.8940511,0,0,0
0.9050518,0,0,0
0.9160524,0,0,0
0.927053,0,0,0
0.9400538,0,0,0
0.9510544,0,0,0
0.9650552,0,0,0
0.979056,0,0,0
0.9900566,0,0,0
1.0010572,0,0,0
1.0120579,0,0,0
1.0230585,0,0,0
1.0340591,0,0,0
1.0450598,0,0,0
1.0570604,0,0,0
1.0680611,0,0,0
1.0790617,0,0,0
1.0900623,0,0,0
1.101063,0,0,0
1.1120636,0,0,0
1.1230642,0,0,0
1.1340649,0,0,0
1.1460655,0,0,0
1.1570662,0,0,0
1.1680668,0,0,0
1.1860678,0,0,0
1.1980685,0,0,0
1.2110693,0,0,0
1.2220699,0,0,0
1.2350706,0,0,0
1.2470713,0,0,0
1.2600721,0,0,0
1.2720727,0,0,0
1.2830734,0,0,0
1.2960741,0,0,0
1.3070747,0,0,0
1.3180754,0,0,0
1.3310761,0,0,0
1.3430768,0,0,0
1.3570776,0,0,0
1.3780788,0,0,0
1.3910796,0.00588591722681034,7.15873805632508E-05,0.0243237708716391
1.4030802,0.00588591722681034,7.15873805632508E-05,0.0243237708716391
1.416081,0.00588591722681034,7.15873805632508E-05,0.0243237708716391
1.4270816,0.00588591722681034,7.15873805632508E-05,0.0243237708716391
1.4390823,0.00588591722681034,7.15873805632508E-05,0.0243237708716391
1.452083,0.00588591722681034,7.15873805632508E-05,0.0243237708716391
1.4630837,0.00588591722681034,7.15873805632508E-05,0.0243237708716391
1.4760844,0.00588591722681034,7.15873805632508E-05,0.0243237708716391
1.487085,0.00588591722681034,7.15873805632508E-05,0.0243237708716391
1.5000858,0.00588591722681034,7.15873805632508E-05,0.0243237708716391
1.5120865,0.00588591722681034,7.15873805632508E-05,0.0243237708716391
1.5240872,0.00588591722681034,7.15873805632508E-05,0.0243237708716391
1.5350878,0.00588591722681034,7.15873805632508E-05,0.0243237708716391
1.5470885,0.00588591722681034,7.15873805632508E-05,0.0243237708716391
1.5620893,0.00588591722681034,7.15873805632508E-05,0.0243237708716391
1.5840906,0.00588591722681034,7.15873805632508E-05,0.0243237708716391
1.5950912,0.00588591722681034,7.15873805632508E-05,0.0243237708716391
1.6070919,0.00588591722681034,7.15873805632508E-05,0.0243237708716391
1.6200926,0.00588591722681034,7.15873805632508E-05,0.0243237708716391
1.6320933,0.0191164387565554,0.000675411417568736,0.0668903698970076
1.644094,0.0191164387565554,0.000675411417568736,0.0668903698970076
1.6560947,0.0191164387565554,0.000675411417568736,0.0668903698970076
1.6670953,0.0352224951690608,0.00229686636258053,0.133780739794015
1.679096,0.0352224951690608,0.00229686636258053,0.133780739794015
1.6930968,0.0352224951690608,0.00229686636258053,0.133780739794015
1.7040975,0.0352224951690608,0.00229686636258053,0.133780739794015
1.7170982,0.0352224951690608,0.00229686636258053,0.133780739794015
1.7290989,0.0352224951690608,0.00229686636258053,0.133780739794015
1.7400995,0.0352224951690608,0.00229686636258053,0.133780739794015
1.7521002,0.0352224951690608,0.00229686636258053,0.133780739794015
1.7651009,0.0352224951690608,0.00229686636258053,0.133780739794015
1.7901024,0.0352224951690608,0.00229686636258053,0.133780739794015
1.8021031,0.0352224951690608,0.00229686636258053,0.133780739794015
1.8151038,0.0352224951690608,0.00229686636258053,0.133780739794015
1.8271045,0.0352224951690608,0.00229686636258053,0.133780739794015
1.8391052,0.0352224951690608,0.00229686636258053,0.133780739794015
1.8511059,0.0352224951690608,0.00229686636258053,0.133780739794015
1.8621065,0.0352224951690608,0.00229686636258053,0.133780739794015
1.8751072,0.0352224951690608,0.00229686636258053,0.133780739794015
1.8871079,0.0511841543179472,0.00499123206089966,0.200671109691023
1.9011087,0.0669300252319562,0.00874645754825392,0.26756147958803
1.9121094,0.0669300252319562,0.00874645754825392,0.26756147958803
1.9251101,0.0669300252319562,0.00874645754825392,0.26756147958803
1.9361107,0.0669300252319562,0.00874645754825392,0.26756147958803
1.9541118,0.0809974593005457,0.0130666963654814,0.328370906767128
1.9661124,0.0809974593005457,0.0130666963654814,0.328370906767128
1.9781131,0.0809974593005457,0.0130666963654814,0.328370906767128
1.9921139,0.0809974593005457,0.0130666963654814,0.328370906767128
2.0031146,0.0809974593005457,0.0130666963654814,0.328370906767128
2.0161153,0.0809974593005457,0.0130666963654814,0.328370906767128
2.028116,0.0809974593005457,0.0130666963654814,0.328370906767128
2.0401167,0.0809974593005457,0.0130666963654814,0.328370906767128
2.0511173,0.0809974593005457,0.0130666963654814,0.328370906767128
2.064118,0.0809974593005457,0.0130666963654814,0.328370906767128
2.0751187,0.0809974593005457,0.0130666963654814,0.328370906767128
2.0871194,0.0809974593005457,0.0130666963654814,0.328370906767128
2.1001201,0.0809974593005457,0.0130666963654814,0.328370906767128
2.1121208,0.0809974593005457,0.0130666963654814,0.328370906767128
2.1241215,0.0809974593005457,0.0130666963654814,0.328370906767128
2.1351221,0.0809974593005457,0.0130666963654814,0.328370906767128
2.151123,0.0975321195359891,0.0192672873118117,0.389180333946226
2.1671239,0.0975321195359891,0.0192672873118117,0.389180333946226
2.1781246,0.0975321195359891,0.0192672873118117,0.389180333946226
2.1981257,0.112295337971851,0.025906681163403,0.456070703843233
2.2101264,0.112295337971851,0.025906681163403,0.456070703843233
2.2231271,0.130448520231569,0.0356490636585086,0.529042016458151
2.2341278,0.130448520231569,0.0356490636585086,0.529042016458151
2.2451284,0.130448520231569,0.0356490636585086,0.529042016458151
2.2611293,0.130448520231569,0.0356490636585086,0.529042016458151
2.2761302,0.130448520231569,0.0356490636585086,0.529042016458151
2.290131,0.130448520231569,0.0356490636585086,0.529042016458151
2.3051318,0.130448520231569,0.0356490636585086,0.529042016458151
2.3191326,0.130448520231569,0.0356490636585086,0.529042016458151
2.3311333,0.130448520231569,0.0356490636585086,0.529042016458151
2.343134,0.130448520231569,0.0356490636585086,0.529042016458151
2.3551347,0.130448520231569,0.0356490636585086,0.529042016458151
2.3671354,0.130448520231569,0.0356490636585086,0.529042016458151
2.4011373,0.145358167829492,0.0451118711536988,0.602013329073068
2.4141381,0.161901581467337,0.0573906132734223,0.674984641687985
2.4261388,0.161901581467337,0.0573906132734223,0.674984641687985
2.4371394,0.161901581467337,0.0573906132734223,0.674984641687985
2.4501401,0.175620943009127,0.0685091309835721,0.687146527123805
2.4611408,0.175620943009127,0.0685091309835721,0.687146527123805
2.4731414,0.175620943009127,0.0685091309835721,0.687146527123805
2.4851421,0.175620943009127,0.0685091309835721,0.687146527123805
2.4971428,0.175620943009127,0.0685091309835721,0.687146527123805
2.5081434,0.175620943009127,0.0685091309835721,0.687146527123805
2.5211442,0.175620943009127,0.0685091309835721,0.687146527123805
2.5331449,0.175620943009127,0.0685091309835721,0.687146527123805
2.5461456,0.175620943009127,0.0685091309835721,0.687146527123805
2.5661468,0.189474508743191,0.0794599772356765,0.650660870816346
2.5771474,0.189474508743191,0.0794599772356765,0.650660870816346
2.5911482,0.189474508743191,0.0794599772356765,0.650660870816346
2.6021488,0.189474508743191,0.0794599772356765,0.650660870816346
2.6141495,0.189474508743191,0.0794599772356765,0.650660870816346
2.6271502,0.189474508743191,0.0794599772356765,0.650660870816346
2.6381509,0.189474508743191,0.0794599772356765,0.650660870816346
2.6521517,0.204939609018267,0.0907210731790171,0.608094271790978
2.6641524,0.204939609018267,0.0907210731790171,0.608094271790978
2.6761531,0.204939609018267,0.0907210731790171,0.608094271790978
2.6881537,0.204939609018267,0.0907210731790171,0.608094271790978
2.6991544,0.204939609018267,0.0907210731790171,0.608094271790978
2.7121551,0.204939609018267,0.0907210731790171,0.608094271790978
2.7241558,0.204939609018267,0.0907210731790171,0.608094271790978
2.7351564,0.204939609018267,0.0907210731790171,0.608094271790978
2.7481572,0.204939609018267,0.0907210731790171,0.608094271790978
2.7591578,0.222129914901083,0.102076487151688,0.559446730047699
2.7751587,0.222129914901083,0.102076487151688,0.559446730047699
2.7871594,0.222129914901083,0.102076487151688,0.559446730047699
2.7991601,0.222129914901083,0.102076487151688,0.559446730047699
2.8121608,0.222129914901083,0.102076487151688,0.559446730047699
2.8231615,0.222129914901083,0.102076487151688,0.559446730047699
2.8351621,0.222129914901083,0.102076487151688,0.559446730047699
2.8481629,0.222129914901083,0.102076487151688,0.559446730047699
2.8591635,0.222129914901083,0.102076487151688,0.559446730047699
2.8721643,0.237428734932274,0.110896261686135,0.486475417432782
2.885165,0.237428734932274,0.110896261686135,0.486475417432782
2.8961656,0.237428734932274,0.110896261686135,0.486475417432782
2.9091664,0.237428734932274,0.110896261686135,0.486475417432782
2.9211671,0.237428734932274,0.110896261686135,0.486475417432782
2.9331678,0.237428734932274,0.110896261686135,0.486475417432782
2.9461685,0.237428734932274,0.110896261686135,0.486475417432782
2.9591692,0.237428734932274,0.110896261686135,0.486475417432782
2.97217,0.237428734932274,0.110896261686135,0.486475417432782
2.989171,0.237428734932274,0.110896261686135,0.486475417432782
3.0101722,0.237428734932274,0.110896261686135,0.486475417432782
3.0231729,0.237428734932274,0.110896261686135,0.486475417432782
3.0351736,0.237428734932274,0.110896261686135,0.486475417432782
3.0491744,0.237428734932274,0.110896261686135,0.486475417432782
3.0611751,0.237428734932274,0.110896261686135,0.486475417432782
3.0731758,0.237428734932274,0.110896261686135,0.486475417432782
3.0851764,0.237428734932274,0.110896261686135,0.486475417432782
3.0971771,0.237428734932274,0.110896261686135,0.486475417432782
3.1101779,0.237428734932274,0.110896261686135,0.486475417432782
3.1241787,0.254680174784059,0.119164842664967,0.407423162099955
3.1371794,0.254680174784059,0.119164842664967,0.407423162099955
3.1521803,0.254680174784059,0.119164842664967,0.407423162099955
3.1721814,0.271138203184014,0.125566062733951,0.334451849485037
3.1861822,0.271138203184014,0.125566062733951,0.334451849485037
3.2031832,0.271138203184014,0.125566062733951,0.334451849485037
3.2151839,0.271138203184014,0.125566062733951,0.334451849485037
3.2281846,0.271138203184014,0.125566062733951,0.334451849485037
3.2401853,0.271138203184014,0.125566062733951,0.334451849485037
3.2571863,0.288019124066321,0.130750349314624,0.26148053687012
3.269187,0.288019124066321,0.130750349314624,0.26148053687012
3.2831878,0.303787539027236,0.134409756223113,0.194590166973113
3.2941884,0.303787539027236,0.134409756223113,0.194590166973113
3.3091893,0.303787539027236,0.134409756223113,0.194590166973113
3.3251902,0.303787539027236,0.134409756223113,0.194590166973113
3.3531918,0.303787539027236,0.134409756223113,0.194590166973113
3.3711928,0.303787539027236,0.134409756223113,0.194590166973113
3.3851936,0.303787539027236,0.134409756223113,0.194590166973113
3.4131952,0.303787539027236,0.134409756223113,0.194590166973113
3.427196,0.303787539027236,0.134409756223113,0.194590166973113
3.4411968,0.303787539027236,0.134409756223113,0.194590166973113
3.4551976,0.303787539027236,0.134409756223113,0.194590166973113
3.4701985,0.303787539027236,0.134409756223113,0.194590166973113
3.4841993,0.303787539027236,0.134409756223113,0.194590166973113
3.4982001,0.303787539027236,0.134409756223113,0.194590166973113
3.5132009,0.303787539027236,0.134409756223113,0.194590166973113
3.5282018,0.303787539027236,0.134409756223113,0.194590166973113
3.5412025,0.322688648487582,0.137364357639764,0.115537911640285
3.5552033,0.322688648487582,0.137364357639764,0.115537911640285
3.5932055,0.340292556856418,0.138758892446392,0.0425665990253681
3.6112065,0.340292556856418,0.138758892446392,0.0425665990253681
3.6232072,0.340292556856418,0.138758892446392,0.0425665990253681
3.6352079,0.340292556856418,0.138758892446392,0.0425665990253681
3.6462085,0.340292556856418,0.138758892446392,0.0425665990253681
3.6572092,0.340292556856418,0.138758892446392,0.0425665990253681
3.6692099,0.340292556856418,0.138758892446392,0.0425665990253681
3.6822106,0.340292556856418,0.138758892446392,0.0425665990253681
3.6932112,0.340292556856418,0.138758892446392,0.0425665990253681
3.706212,0.340292556856418,0.138758892446392,0.0425665990253681
3.7182127,0.340292556856418,0.138758892446392,0.0425665990253681
3.7302133,0.340292556856418,0.138758892446392,0.0425665990253681
3.742214,0.340292556856418,0.138758892446392,0.0425665990253681
3.7562148,0.378536164539269,0.137595748064446,-0.103376026204467
3.7702156,0.378536164539269,0.137595748064446,-0.103376026204467
3.7852165,0.384398046779454,0.137059573693442,-0.0790522553328274
3.7982172,0.397567418455989,0.135652821027906,-0.133780739794015
3.8162183,0.397567418455989,0.135652821027906,-0.133780739794015
3.8272189,0.397567418455989,0.135652821027906,-0.133780739794015
3.8392196,0.397567418455989,0.135652821027906,-0.133780739794015
3.8512203,0.397567418455989,0.135652821027906,-0.133780739794015
3.864221,0.397567418455989,0.135652821027906,-0.133780739794015
3.8762217,0.397567418455989,0.135652821027906,-0.133780739794015
3.8872223,0.397567418455989,0.135652821027906,-0.133780739794015
3.9002231,0.397567418455989,0.135652821027906,-0.133780739794015
3.9112237,0.397567418455989,0.135652821027906,-0.133780739794015
3.9242244,0.397567418455989,0.135652821027906,-0.133780739794015
3.9352251,0.397567418455989,0.135652821027906,-0.133780739794015
3.9472258,0.397567418455989,0.135652821027906,-0.133780739794015
3.9582264,0.397567418455989,0.135652821027906,-0.133780739794015
3.9772275,0.397567418455989,0.135652821027906,-0.133780739794015
3.9892282,0.397567418455989,0.135652821027906,-0.133780739794015
4.0002288,0.397567418455989,0.135652821027906,-0.133780739794015
4.0122295,0.397567418455989,0.135652821027906,-0.133780739794015
4.0252302,0.397567418455989,0.135652821027906,-0.133780739794015
4.0362308,0.415120796616093,0.133723771429363,-0.0851331980507372
4.0492316,0.415120796616093,0.133723771429363,-0.0851331980507372
4.0642324,0.435704368610471,0.13284706920639,-2.77555756156289E-16
4.0772332,0.435704368610471,0.13284706920639,-2.77555756156289E-16
4.0902339,0.435704368610471,0.13284706920639,-2.77555756156289E-16
4.1012346,0.453351673670837,0.133491228574599,0.0729713126149171
4.1132352,0.453351673670837,0.133491228574599,0.0729713126149171
4.1252359,0.453351673670837,0.133491228574599,0.0729713126149171
4.1382367,0.453351673670837,0.133491228574599,0.0729713126149171
4.1532375,0.453351673670837,0.133491228574599,0.0729713126149171
4.1652382,0.453351673670837,0.133491228574599,0.0729713126149171
4.1772389,0.453351673670837,0.133491228574599,0.0729713126149171
4.1902397,0.453351673670837,0.133491228574599,0.0729713126149171
4.2012403,0.453351673670837,0.133491228574599,0.0729713126149171
4.2172412,0.453351673670837,0.133491228574599,0.0729713126149171
4.2282418,0.453351673670837,0.133491228574599,0.0729713126149171
4.2402425,0.453351673670837,0.133491228574599,0.0729713126149171
4.2522432,0.453351673670837,0.133491228574599,0.0729713126149171
4.2642439,0.453351673670837,0.133491228574599,0.0729713126149171
4.2762446,0.453351673670837,0.133491228574599,0.0729713126149171
4.2872452,0.453351673670837,0.133491228574599,0.0729713126149171
4.2992459,0.453351673670837,0.133491228574599,0.0729713126149171
4.3152468,0.472361391468627,0.135638840646563,0.152023567947744
4.3282475,0.472361391468627,0.135638840646563,0.152023567947744
4.3432484,0.472361391468627,0.135638840646563,0.152023567947744
4.3552491,0.489707613441938,0.138948055121015,0.224994880562662
4.3662497,0.489707613441938,0.138948055121015,0.224994880562662
4.3792505,0.489707613441938,0.138948055121015,0.224994880562662
4.3912512,0.489707613441938,0.138948055121015,0.224994880562662
4.405252,0.489707613441938,0.138948055121015,0.224994880562662
4.4202528,0.489707613441938,0.138948055121015,0.224994880562662
4.4322535,0.489707613441938,0.138948055121015,0.224994880562662
4.4452542,0.489707613441938,0.138948055121015,0.224994880562662
4.4562549,0.489707613441938,0.138948055121015,0.224994880562662
4.4682556,0.489707613441938,0.138948055121015,0.224994880562662
4.4852565,0.489707613441938,0.138948055121015,0.224994880562662
4.5012574,0.489707613441938,0.138948055121015,0.224994880562662
4.5152582,0.489707613441938,0.138948055121015,0.224994880562662
4.528259,0.489707613441938,0.138948055121015,0.224994880562662
4.5412597,0.489707613441938,0.138948055121015,0.224994880562662
4.5562606,0.489707613441938,0.138948055121015,0.224994880562662
4.5772618,0.489707613441938,0.138948055121015,0.224994880562662
4.599263,0.505382362176054,0.142989889039401,0.27972336502385
4.6132638,0.505382362176054,0.142989889039401,0.27972336502385
4.6362652,0.519396214935837,0.147480890658097,0.340532792202947
4.6622667,0.531783013274573,0.152169017184992,0.383099391228316
4.6812677,0.543927181423124,0.157453947023357,0.437827875689504
4.6942685,0.543927181423124,0.157453947023357,0.437827875689504
4.7082693,0.543927181423124,0.157453947023357,0.437827875689504
4.72027,0.543927181423124,0.157453947023357,0.437827875689504
4.7332707,0.543927181423124,0.157453947023357,0.437827875689504
4.7472715,0.543927181423124,0.157453947023357,0.437827875689504
4.7722729,0.543927181423124,0.157453947023357,0.437827875689504
4.7862737,0.543927181423124,0.157453947023357,0.437827875689504
4.7992745,0.543927181423124,0.157453947023357,0.437827875689504
4.8132753,0.543927181423124,0.157453947023357,0.437827875689504
4.8362766,0.543927181423124,0.157453947023357,0.437827875689504
4.8502774,0.543927181423124,0.157453947023357,0.437827875689504
4.8622781,0.543927181423124,0.157453947023357,0.437827875689504
4.8742788,0.543927181423124,0.157453947023357,0.437827875689504
4.8872795,0.543927181423124,0.157453947023357,0.437827875689504
4.9022804,0.555764075126842,0.163395264290059,0.492556360150692
4.9142811,0.555764075126842,0.163395264290059,0.492556360150692
4.9262818,0.555764075126842,0.163395264290059,0.492556360150692
4.9372824,0.567258249287153,0.169975177951281,0.54728484461188
4.9502831,0.567258249287153,0.169975177951281,0.54728484461188
4.9622838,0.567258249287153,0.169975177951281,0.54728484461188
4.9802848,0.567258249287153,0.169975177951281,0.54728484461188
4.9932856,0.567258249287153,0.169975177951281,0.54728484461188
5.0052863,0.567258249287153,0.169975177951281,0.54728484461188
5.0232873,0.567258249287153,0.169975177951281,0.54728484461188
5.0342879,0.567258249287153,0.169975177951281,0.54728484461188
5.0472887,0.567258249287153,0.169975177951281,0.54728484461188
5.0582893,0.567258249287153,0.169975177951281,0.54728484461188
5.07029,0.567258249287153,0.169975177951281,0.54728484461188
5.0822907,0.567258249287153,0.169975177951281,0.54728484461188
5.0932913,0.567258249287153,0.169975177951281,0.54728484461188
5.106292,0.567258249287153,0.169975177951281,0.54728484461188
5.1172927,0.567258249287153,0.169975177951281,0.54728484461188
5.1292934,0.567258249287153,0.169975177951281,0.54728484461188
5.1422941,0.567258249287153,0.169975177951281,0.54728484461188
5.1532947,0.567258249287153,0.169975177951281,0.54728484461188
5.1642954,0.567258249287153,0.169975177951281,0.54728484461188
5.1772961,0.577159468953563,0.176344042413113,0.595932386355158
5.193297,0.577159468953563,0.176344042413113,0.595932386355158
5.2052977,0.577159468953563,0.176344042413113,0.595932386355158
5.2222987,0.590303023722887,0.185792912045363,0.650660870816346
5.2362995,0.590303023722887,0.185792912045363,0.650660870816346
5.2483002,0.600668178235351,0.19403759975015,0.693227469841714
5.2613009,0.600668178235351,0.19403759975015,0.693227469841714
5.2723015,0.600668178235351,0.19403759975015,0.693227469841714
5.2853023,0.600668178235351,0.19403759975015,0.693227469841714
5.2963029,0.600668178235351,0.19403759975015,0.693227469841714
5.3093037,0.600668178235351,0.19403759975015,0.693227469841714
5.3213043,0.600668178235351,0.19403759975015,0.693227469841714
5.333305,0.600668178235351,0.19403759975015,0.693227469841714
5.3453057,0.600668178235351,0.19403759975015,0.693227469841714
5.3623067,0.600668178235351,0.19403759975015,0.693227469841714
5.3773075,0.600668178235351,0.19403759975015,0.693227469841714
5.3893082,0.600668178235351,0.19403759975015,0.693227469841714
5.4013089,0.600668178235351,0.19403759975015,0.693227469841714
5.4143097,0.600668178235351,0.19403759975015,0.693227469841714
5.4253103,0.600668178235351,0.19403759975015,0.693227469841714
5.4443114,0.602920554358753,0.195932088701612,0.705389355277534
5.4563121,0.609746302975557,0.201532957840997,0.668903698970075
5.4683128,0.617961666723976,0.20774752212098,0.626337099944707
5.4803134,0.617961666723976,0.20774752212098,0.626337099944707
5.4933142,0.617961666723976,0.20774752212098,0.626337099944707
5.5043148,0.617961666723976,0.20774752212098,0.626337099944707
5.5173156,0.617961666723976,0.20774752212098,0.626337099944707
5.5293162,0.617961666723976,0.20774752212098,0.626337099944707
5.5403169,0.617961666723976,0.20774752212098,0.626337099944707
5.5523176,0.617961666723976,0.20774752212098,0.626337099944707
5.5643182,0.617961666723976,0.20774752212098,0.626337099944707
5.5813192,0.617961666723976,0.20774752212098,0.626337099944707
5.5933199,0.617961666723976,0.20774752212098,0.626337099944707
5.6043205,0.617961666723976,0.20774752212098,0.626337099944707
5.6173213,0.617961666723976,0.20774752212098,0.626337099944707
5.629322,0.626434041812148,0.213606862619209,0.583770500919338
5.6413227,0.626434041812148,0.213606862619209,0.583770500919338
5.6523233,0.636411984726151,0.219854841542076,0.53512295917606
5.664324,0.636411984726151,0.219854841542076,0.53512295917606
5.6773247,0.636411984726151,0.219854841542076,0.53512295917606
5.6883253,0.636411984726151,0.219854841542076,0.53512295917606
5.7013261,0.636411984726151,0.219854841542076,0.53512295917606
5.7123267,0.636411984726151,0.219854841542076,0.53512295917606
5.7253275,0.636411984726151,0.219854841542076,0.53512295917606
5.7373281,0.636411984726151,0.219854841542076,0.53512295917606
5.7533291,0.636411984726151,0.219854841542076,0.53512295917606
5.7653297,0.636411984726151,0.219854841542076,0.53512295917606
5.7783305,0.650604785026181,0.227639351092776,0.468232589279053
5.7903312,0.650604785026181,0.227639351092776,0.468232589279053
5.8033319,0.665286166094104,0.234457798074308,0.401342219382045
5.8143325,0.665286166094104,0.234457798074308,0.401342219382045
5.8263332,0.665286166094104,0.234457798074308,0.401342219382045
5.8443343,0.665286166094104,0.234457798074308,0.401342219382045
5.8553349,0.665286166094104,0.234457798074308,0.401342219382045
5.8673356,0.665286166094104,0.234457798074308,0.401342219382045
5.8793363,0.665286166094104,0.234457798074308,0.401342219382045
5.892337,0.665286166094104,0.234457798074308,0.401342219382045
5.9033376,0.665286166094104,0.234457798074308,0.401342219382045
5.9163384,0.665286166094104,0.234457798074308,0.401342219382045
5.927339,0.665286166094104,0.234457798074308,0.401342219382045
5.9403398,0.665286166094104,0.234457798074308,0.401342219382045
5.9523404,0.665286166094104,0.234457798074308,0.401342219382045
5.9653412,0.665286166094104,0.234457798074308,0.401342219382045
5.9783419,0.665286166094104,0.234457798074308,0.401342219382045
5.9913427,0.665286166094104,0.234457798074308,0.401342219382045
6.0023433,0.665286166094104,0.234457798074308,0.401342219382045
6.014344,0.665286166094104,0.234457798074308,0.401342219382045
6.0263447,0.665286166094104,0.234457798074308,0.401342219382045
6.0453458,0.665286166094104,0.234457798074308,0.401342219382045
6.0573464,0.683178208138946,0.241229536390935,0.322289964049218
6.0683471,0.683178208138946,0.241229536390935,0.322289964049218
6.0793477,0.683178208138946,0.241229536390935,0.322289964049218
6.0953486,0.683178208138946,0.241229536390935,0.322289964049218
6.1063492,0.702979671372767,0.246917602550459,0.237156765998481
6.1183499,0.702979671372767,0.246917602550459,0.237156765998481
6.1313507,0.724623816468842,0.25125172341426,0.158104510665654
6.1433514,0.724623816468842,0.25125172341426,0.158104510665654
6.1563521,0.746558106235523,0.25372973734345,0.0668903698970073
6.1733531,0.746558106235523,0.25372973734345,0.0668903698970073
6.1863538,0.746558106235523,0.25372973734345,0.0668903698970073
6.1973545,0.746558106235523,0.25372973734345,0.0668903698970073
6.2093551,0.746558106235523,0.25372973734345,0.0668903698970073
6.2223559,0.746558106235523,0.25372973734345,0.0668903698970073
6.2333565,0.746558106235523,0.25372973734345,0.0668903698970073
6.2463573,0.746558106235523,0.25372973734345,0.0668903698970073
6.2583579,0.746558106235523,0.25372973734345,0.0668903698970073
6.2703586,0.746558106235523,0.25372973734345,0.0668903698970073
6.2843594,0.767135966519665,0.254731590108009,0.0304047135895486
6.2953601,0.767135966519665,0.254731590108009,0.0304047135895486
6.3063607,0.767135966519665,0.254731590108009,0.0304047135895486
6.3183614,0.767135966519665,0.254731590108009,0.0304047135895486
6.3303621,0.767135966519665,0.254731590108009,0.0304047135895486
6.3503632,0.767135966519665,0.254731590108009,0.0304047135895486
6.3683642,0.767135966519665,0.254731590108009,0.0304047135895486
6.382365,0.767135966519665,0.254731590108009,0.0304047135895486
6.3943657,0.767135966519665,0.254731590108009,0.0304047135895486
6.4073665,0.767135966519665,0.254731590108009,0.0304047135895486
6.4203672,0.767135966519665,0.254731590108009,0.0304047135895486
6.433368,0.767135966519665,0.254731590108009,0.0304047135895486
6.4593694,0.767135966519665,0.254731590108009,0.0304047135895486
6.4713701,0.767135966519665,0.254731590108009,0.0304047135895486
6.4823708,0.767135966519665,0.254731590108009,0.0304047135895486
6.4953715,0.767135966519665,0.254731590108009,0.0304047135895486
6.5063721,0.767135966519665,0.254731590108009,0.0304047135895486
6.521373,0.783301817216426,0.2555679157333,0.0729713126149171
6.5323736,0.783301817216426,0.2555679157333,0.0729713126149171
6.5443743,0.783301817216426,0.2555679157333,0.0729713126149171
6.556375,0.796487323297482,0.256814403921437,0.115537911640286
6.5683757,0.796487323297482,0.256814403921437,0.115537911640286
6.5803764,0.796487323297482,0.256814403921437,0.115537911640286
6.592377,0.796487323297482,0.256814403921437,0.115537911640286
6.6043777,0.796487323297482,0.256814403921437,0.115537911640286
6.6173785,0.796487323297482,0.256814403921437,0.115537911640286
6.6293792,0.796487323297482,0.256814403921437,0.115537911640286
6.6413799,0.796487323297482,0.256814403921437,0.115537911640286
6.661381,0.796487323297482,0.256814403921437,0.115537911640286
6.6723816,0.796487323297482,0.256814403921437,0.115537911640286
6.6853824,0.796487323297482,0.256814403921437,0.115537911640286
6.6973831,0.796487323297482,0.256814403921437,0.115537911640286
6.7083837,0.796487323297482,0.256814403921437,0.115537911640286
6.7203844,0.796487323297482,0.256814403921437,0.115537911640286
6.7363853,0.796487323297482,0.256814403921437,0.115537911640286
6.7523862,0.796487323297482,0.256814403921437,0.115537911640286
6.7673871,0.796487323297482,0.256814403921437,0.115537911640286
6.8203901,0.796487323297482,0.256814403921437,0.115537911640286
6.8333908,0.808154835691415,0.258384671399632,0.152023567947744
6.8493917,0.821200728298633,0.260668525488155,0.194590166973113
6.8653927,0.821200728298633,0.260668525488155,0.194590166973113
6.8773933,0.831262752935711,0.262875031982982,0.237156765998481
6.8923942,0.831262752935711,0.262875031982982,0.237156765998481
6.9043949,0.831262752935711,0.262875031982982,0.237156765998481
6.9163956,0.831262752935711,0.262875031982982,0.237156765998481
6.9293963,0.831262752935711,0.262875031982982,0.237156765998481
6.9443972,0.831262752935711,0.262875031982982,0.237156765998481
6.9563979,0.831262752935711,0.262875031982982,0.237156765998481
6.9673985,0.831262752935711,0.262875031982982,0.237156765998481
6.9793992,0.831262752935711,0.262875031982982,0.237156765998481
6.9913999,0.831262752935711,0.262875031982982,0.237156765998481
7.0034006,0.831262752935711,0.262875031982982,0.237156765998481
7.0154012,0.831262752935711,0.262875031982982,0.237156765998481
7.028402,0.831262752935711,0.262875031982982,0.237156765998481
7.0404027,0.831262752935711,0.262875031982982,0.237156765998481
7.0564036,0.841221768064446,0.265507716615536,0.27972336502385
7.0684043,0.84263738707034,0.265909704771173,0.27364242230594
7.081405,0.853891334325212,0.269365895824955,0.322289964049218
7.0924056,0.853891334325212,0.269365895824955,0.322289964049218
7.1044063,0.853891334325212,0.269365895824955,0.322289964049218
7.1174071,0.853891334325212,0.269365895824955,0.322289964049218
7.1294078,0.867701384103677,0.274449171326863,0.383099391228316
7.1414085,0.867701384103677,0.274449171326863,0.383099391228316
7.1574094,0.867701384103677,0.274449171326863,0.383099391228316
7.16841,0.867701384103677,0.274449171326863,0.383099391228316
7.1804107,0.867701384103677,0.274449171326863,0.383099391228316
7.1934114,0.867701384103677,0.274449171326863,0.383099391228316
7.2054121,0.867701384103677,0.274449171326863,0.383099391228316
7.2164127,0.867701384103677,0.274449171326863,0.383099391228316
7.2284134,0.867701384103677,0.274449171326863,0.383099391228316
7.2404141,0.867701384103677,0.274449171326863,0.383099391228316
7.2534149,0.867701384103677,0.274449171326863,0.383099391228316
7.2654155,0.867701384103677,0.274449171326863,0.383099391228316
7.2764162,0.867701384103677,0.274449171326863,0.383099391228316
7.2884169,0.867701384103677,0.274449171326863,0.383099391228316
7.3024177,0.867701384103677,0.274449171326863,0.383099391228316
7.3144183,0.881176987839642,0.280362315047696,0.443908818407414
7.3274191,0.881176987839642,0.280362315047696,0.443908818407414
7.3404198,0.894268330981561,0.287083468181834,0.504718245586511
7.3524205,0.894268330981561,0.287083468181834,0.504718245586511
7.3774219,0.9069270194537,0.294587784997996,0.565527672765609
7.3894226,0.9069270194537,0.294587784997996,0.565527672765609
7.4004233,0.9069270194537,0.294587784997996,0.565527672765609
7.412424,0.9069270194537,0.294587784997996,0.565527672765609
7.4244246,0.9069270194537,0.294587784997996,0.565527672765609
7.4374254,0.9069270194537,0.294587784997996,0.565527672765609
7.4684272,0.9069270194537,0.294587784997996,0.565527672765609
7.4884283,0.92279260459986,0.305277257217578,0.620256157226797
7.5024291,0.92279260459986,0.305277257217578,0.620256157226797
7.5144298,0.92279260459986,0.305277257217578,0.620256157226797
7.5254304,0.92279260459986,0.305277257217578,0.620256157226797
7.5414313,0.92279260459986,0.305277257217578,0.620256157226797
7.5604324,0.93832589659997,0.316444103146602,0.626337099944707
7.5724331,0.93832589659997,0.316444103146602,0.626337099944707
7.5854338,0.93832589659997,0.316444103146602,0.626337099944707
7.5964345,0.93832589659997,0.316444103146602,0.626337099944707
7.6084352,0.93832589659997,0.316444103146602,0.626337099944707
7.6204358,0.93832589659997,0.316444103146602,0.626337099944707
7.6324365,0.93832589659997,0.316444103146602,0.626337099944707
7.6444372,0.93832589659997,0.316444103146602,0.626337099944707
7.657438,0.93832589659997,0.316444103146602,0.626337099944707
7.6694387,0.93832589659997,0.316444103146602,0.626337099944707
7.6824394,0.93832589659997,0.316444103146602,0.626337099944707
7.6944401,0.93832589659997,0.316444103146602,0.626337099944707
7.7064408,0.93832589659997,0.316444103146602,0.626337099944707
7.7184415,0.93832589659997,0.316444103146602,0.626337099944707
7.7304421,0.93832589659997,0.316444103146602,0.626337099944707
7.7434429,0.93832589659997,0.316444103146602,0.626337099944707
7.7564436,0.93832589659997,0.316444103146602,0.626337099944707
7.7754447,0.951639628881384,0.325651638215248,0.583770500919338
7.7884455,0.951639628881384,0.325651638215248,0.583770500919338
7.8064465,0.969101028980889,0.336585601330264,0.53512295917606
7.8184472,0.969101028980889,0.336585601330264,0.53512295917606
7.8314479,0.969101028980889,0.336585601330264,0.53512295917606
7.8444487,0.969101028980889,0.336585601330264,0.53512295917606
7.8574494,0.969101028980889,0.336585601330264,0.53512295917606
7.8784506,0.969101028980889,0.336585601330264,0.53512295917606
7.8904513,0.969101028980889,0.336585601330264,0.53512295917606
7.9014519,0.969101028980889,0.336585601330264,0.53512295917606
7.9134526,0.969101028980889,0.336585601330264,0.53512295917606
7.9244532,0.969101028980889,0.336585601330264,0.53512295917606
7.9364539,0.969101028980889,0.336585601330264,0.53512295917606
7.9494547,0.969101028980889,0.336585601330264,0.53512295917606
7.9614554,0.969101028980889,0.336585601330264,0.53512295917606
7.9754562,0.969101028980889,0.336585601330264,0.53512295917606
7.9884569,0.969101028980889,0.336585601330264,0.53512295917606
8.0004576,0.969101028980889,0.336585601330264,0.53512295917606
8.0114582,0.969101028980889,0.336585601330264,0.53512295917606
8.025459,0.981938488191674,0.343779821630159,0.486475417432782
8.0374597,0.981938488191674,0.343779821630159,0.486475417432782
8.0494604,0.995150259030201,0.350261046516108,0.425665990253684
8.0624611,0.995150259030201,0.350261046516108,0.425665990253684
8.0744618,0.995150259030201,0.350261046516108,0.425665990253684
8.0874626,0.995150259030201,0.350261046516108,0.425665990253684
8.0994632,0.995150259030201,0.350261046516108,0.425665990253684
8.1104639,0.995150259030201,0.350261046516108,0.425665990253684
8.1234646,0.995150259030201,0.350261046516108,0.425665990253684
8.1344653,0.995150259030201,0.350261046516108,0.425665990253684
8.1514662,0.995150259030201,0.350261046516108,0.425665990253684
8.165467,0.995150259030201,0.350261046516108,0.425665990253684
8.1784678,0.995150259030201,0.350261046516108,0.425665990253684
8.1894684,1.01698887538154,0.359062249702132,0.340532792202947
8.2014691,1.01698887538154,0.359062249702132,0.340532792202947
8.2134698,1.01698887538154,0.359062249702132,0.340532792202947
8.2254705,1.01698887538154,0.359062249702132,0.340532792202947
8.2364711,1.01698887538154,0.359062249702132,0.340532792202947
8.2484718,1.01698887538154,0.359062249702132,0.340532792202947
8.2614725,1.01698887538154,0.359062249702132,0.340532792202947
8.2794735,1.01698887538154,0.359062249702132,0.340532792202947
8.2904742,1.01698887538154,0.359062249702132,0.340532792202947
8.3024749,1.01698887538154,0.359062249702132,0.340532792202947
8.3154756,1.01698887538154,0.359062249702132,0.340532792202947
8.3264762,1.01698887538154,0.359062249702132,0.340532792202947
8.339477,1.01698887538154,0.359062249702132,0.340532792202947
8.3504776,1.01698887538154,0.359062249702132,0.340532792202947
8.3624783,1.01698887538154,0.359062249702132,0.340532792202947
8.374479,1.01698887538154,0.359062249702132,0.340532792202947
8.3854796,1.01698887538154,0.359062249702132,0.340532792202947
8.3974803,1.01698887538154,0.359062249702132,0.340532792202947
8.410481,1.01698887538154,0.359062249702132,0.340532792202947
8.4234818,1.02815543431525,0.362791129828338,0.304047135895489
8.4344824,1.02815543431525,0.362791129828338,0.304047135895489
8.4464831,1.02815543431525,0.362791129828338,0.304047135895489
8.4584838,1.02815543431525,0.362791129828338,0.304047135895489
8.4724846,1.0408960053683,0.366409023229066,0.249318651434301
8.4834852,1.0408960053683,0.366409023229066,0.249318651434301
8.496486,1.05668638129561,0.369972476242056,0.194590166973113
8.5074866,1.05668638129561,0.369972476242056,0.194590166973113
8.5194873,1.05668638129561,0.369972476242056,0.194590166973113
8.532488,1.05668638129561,0.369972476242056,0.194590166973113
8.5444887,1.05668638129561,0.369972476242056,0.194590166973113
8.5584895,1.05668638129561,0.369972476242056,0.194590166973113
8.5944916,1.05668638129561,0.369972476242056,0.194590166973113
8.6064922,1.07410795674966,0.372858827898382,0.133780739794015
8.6184929,1.07410795674966,0.372858827898382,0.133780739794015
8.6304936,1.07410795674966,0.372858827898382,0.133780739794015
8.6424943,1.07410795674966,0.372858827898382,0.133780739794015
8.6534949,1.07410795674966,0.372858827898382,0.133780739794015
8.6664957,1.07410795674966,0.372858827898382,0.133780739794015
8.7204988,1.07847772081205,0.373487562232663,0.152023567947744
8.7344996,1.09308490389652,0.375272882105599,0.0912141407686465
8.7475003,1.09308490389652,0.375272882105599,0.0912141407686465
8.7625012,1.09308490389652,0.375272882105599,0.0912141407686465
8.7805022,1.10917004972542,0.377090092320338,0.133780739794015
8.7925029,1.10917004972542,0.377090092320338,0.133780739794015
8.8035035,1.10917004972542,0.377090092320338,0.133780739794015
8.8165043,1.10917004972542,0.377090092320338,0.133780739794015
8.8285049,1.10917004972542,0.377090092320338,0.133780739794015
8.8395056,1.10917004972542,0.377090092320338,0.133780739794015
8.8525063,1.10917004972542,0.377090092320338,0.133780739794015
8.864507,1.10917004972542,0.377090092320338,0.133780739794015
8.882508,1.10917004972542,0.377090092320338,0.133780739794015
8.8945087,1.12224275281309,0.379215118766861,0.188509224255203
8.9055094,1.12224275281309,0.379215118766861,0.188509224255203
8.9185101,1.12224275281309,0.379215118766861,0.188509224255203
8.9305108,1.12224275281309,0.379215118766861,0.188509224255203
8.9415114,1.12224275281309,0.379215118766861,0.188509224255203
8.9545122,1.12224275281309,0.379215118766861,0.188509224255203
8.9745133,1.12224275281309,0.379215118766861,0.188509224255203
8.9895142,1.12224275281309,0.379215118766861,0.188509224255203
9.0025149,1.12224275281309,0.379215118766861,0.188509224255203
9.0155156,1.12224275281309,0.379215118766861,0.188509224255203
9.0285164,1.12224275281309,0.379215118766861,0.188509224255203
9.0405171,1.12224275281309,0.379215118766861,0.188509224255203
9.0525178,1.12224275281309,0.379215118766861,0.188509224255203
9.0655185,1.12224275281309,0.379215118766861,0.188509224255203
9.0845196,1.12224275281309,0.379215118766861,0.188509224255203
9.0965203,1.12224275281309,0.379215118766861,0.188509224255203
9.109521,1.12224275281309,0.379215118766861,0.188509224255203
9.1225218,1.12224275281309,0.379215118766861,0.188509224255203
9.1355225,1.12224275281309,0.379215118766861,0.188509224255203
9.1635241,1.13660742326827,0.382410960976051,0.249318651434301
9.1765249,1.15220583339858,0.386738058237297,0.291885250459669
9.1895256,1.15220583339858,0.386738058237297,0.291885250459669
9.2025263,1.15220583339858,0.386738058237297,0.291885250459669
9.214527,1.15220583339858,0.386738058237297,0.291885250459669
9.2275278,1.15220583339858,0.386738058237297,0.291885250459669
9.2415286,1.15220583339858,0.386738058237297,0.291885250459669
9.2535293,1.15220583339858,0.386738058237297,0.291885250459669
9.2655299,1.15220583339858,0.386738058237297,0.291885250459669
9.2795307,1.15220583339858,0.386738058237297,0.291885250459669
9.2965317,1.15220583339858,0.386738058237297,0.291885250459669
9.3095325,1.15220583339858,0.386738058237297,0.291885250459669
9.3225332,1.15220583339858,0.386738058237297,0.291885250459669
9.3355339,1.15220583339858,0.386738058237297,0.291885250459669
9.3475346,1.15220583339858,0.386738058237297,0.291885250459669
9.3595353,1.15220583339858,0.386738058237297,0.291885250459669
9.3735361,1.15220583339858,0.386738058237297,0.291885250459669
9.3855368,1.15220583339858,0.386738058237297,0.291885250459669
9.3985376,1.15220583339858,0.386738058237297,0.291885250459669
9.4095382,1.15220583339858,0.386738058237297,0.291885250459669
9.4225389,1.18265538519678,0.397736306847617,0.401342219382045
9.4335396,1.18265538519678,0.397736306847617,0.401342219382045
9.4465403,1.18265538519678,0.397736306847617,0.401342219382045
9.458541,1.18265538519678,0.397736306847617,0.401342219382045
9.4695416,1.19733676626471,0.404554753829149,0.468232589279053
9.4825424,1.19733676626471,0.404554753829149,0.468232589279053
9.4985433,1.21405382202293,0.413856455562686,0.54728484461188
9.510544,1.21405382202293,0.413856455562686,0.54728484461188
9.5215446,1.21405382202293,0.413856455562686,0.54728484461188
9.5335453,1.21405382202293,0.413856455562686,0.54728484461188
9.545546,1.21405382202293,0.413856455562686,0.54728484461188
9.5575466,1.21405382202293,0.413856455562686,0.54728484461188
9.5705474,1.21405382202293,0.413856455562686,0.54728484461188
9.5885484,1.21405382202293,0.413856455562686,0.54728484461188
9.6015492,1.21405382202293,0.413856455562686,0.54728484461188
9.61555,1.21405382202293,0.413856455562686,0.54728484461188
9.6285507,1.21405382202293,0.413856455562686,0.54728484461188
9.6425515,1.21405382202293,0.413856455562686,0.54728484461188
9.6585524,1.21405382202293,0.413856455562686,0.54728484461188
9.6715532,1.21405382202293,0.413856455562686,0.54728484461188
9.6885541,1.21405382202293,0.413856455562686,0.54728484461188
9.7005548,1.21405382202293,0.413856455562686,0.54728484461188
9.7125555,1.21405382202293,0.413856455562686,0.54728484461188
9.7245562,1.21405382202293,0.413856455562686,0.54728484461188
9.7365569,1.23004823476432,0.42435218657207,0.614175214508887
9.7485576,1.23004823476432,0.42435218657207,0.614175214508887
9.7615583,1.23004823476432,0.42435218657207,0.614175214508887
9.7725589,1.24523487502547,0.435986083852931,0.693227469841715
9.7855597,1.24523487502547,0.435986083852931,0.693227469841715
9.7965603,1.24523487502547,0.435986083852931,0.693227469841715
9.808561,1.24523487502547,0.435986083852931,0.693227469841715
9.8235619,1.24523487502547,0.435986083852931,0.693227469841715
9.8345625,1.24523487502547,0.435986083852931,0.693227469841715
9.8475632,1.24523487502547,0.435986083852931,0.693227469841715
9.8585639,1.24523487502547,0.435986083852931,0.693227469841715
9.8705645,1.24523487502547,0.435986083852931,0.693227469841715
9.8835653,1.24523487502547,0.435986083852931,0.693227469841715
9.8945659,1.24523487502547,0.435986083852931,0.693227469841715
9.9075667,1.24523487502547,0.435986083852931,0.693227469841715
9.9195674,1.24523487502547,0.435986083852931,0.693227469841715
9.9325681,1.24523487502547,0.435986083852931,0.693227469841715
9.9445688,1.24523487502547,0.435986083852931,0.693227469841715
9.9555694,1.24523487502547,0.435986083852931,0.693227469841715
9.9965718,1.24523487502547,0.435986083852931,0.693227469841715
10.0105726,1.27492482183611,0.464557314658124,0.839170095071549
10.0225732,1.29746035115672,0.489810776194442,0.845251037789459
10.035574,1.29746035115672,0.489810776194442,0.845251037789459
10.0485747,1.29746035115672,0.489810776194442,0.845251037789459
10.0615755,1.29746035115672,0.489810776194442,0.845251037789459
10.0735762,1.29746035115672,0.489810776194442,0.845251037789459
10.0865769,1.29746035115672,0.489810776194442,0.845251037789459
10.106578,1.29746035115672,0.489810776194442,0.845251037789459
10.1195788,1.29746035115672,0.489810776194442,0.845251037789459
10.1315795,1.29746035115672,0.489810776194442,0.845251037789459
10.1435802,1.29746035115672,0.489810776194442,0.845251037789459
10.1605811,1.29746035115672,0.489810776194442,0.845251037789459
10.1775821,1.29746035115672,0.489810776194442,0.845251037789459
10.1915829,1.29746035115672,0.489810776194442,0.845251037789459
10.2045837,1.29746035115672,0.489810776194442,0.845251037789459
10.2175844,1.29746035115672,0.489810776194442,0.845251037789459
10.2295851,1.29746035115672,0.489810776194442,0.845251037789459
10.2575867,1.31670224564586,0.510096753150927,0.778360667892452
10.2785879,1.31670224564586,0.510096753150927,0.778360667892452
10.2925887,1.33311049655139,0.524862352455495,0.687146527123805
10.3205903,1.33311049655139,0.524862352455495,0.687146527123805
10.332591,1.33311049655139,0.524862352455495,0.687146527123805
10.3475918,1.33311049655139,0.524862352455495,0.687146527123805
10.3625927,1.33311049655139,0.524862352455495,0.687146527123805
10.3895942,1.33311049655139,0.524862352455495,0.687146527123805
10.4295965,1.34957893845282,0.537241466485787,0.602013329073068
10.4425973,1.36832311388786,0.548899489811472,0.510799188304421
10.4565981,1.36832311388786,0.548899489811472,0.510799188304421
10.4685988,1.36832311388786,0.548899489811472,0.510799188304421
10.4855997,1.36832311388786,0.548899489811472,0.510799188304421
10.5206017,1.36832311388786,0.548899489811472,0.510799188304421
10.5376027,1.36832311388786,0.548899489811472,0.510799188304421
10.5496034,1.3867078743981,0.558197480122101,0.425665990253684
10.5636042,1.3867078743981,0.558197480122101,0.425665990253684
10.6036065,1.40581666370553,0.565898532909872,0.340532792202948
10.6166072,1.40581666370553,0.565898532909872,0.340532792202948
10.629608,1.40581666370553,0.565898532909872,0.340532792202948
10.6436088,1.40581666370553,0.565898532909872,0.340532792202948
10.6566095,1.40581666370553,0.565898532909872,0.340532792202948
10.6696103,1.40581666370553,0.565898532909872,0.340532792202948
10.6836111,1.40581666370553,0.565898532909872,0.340532792202948
10.6966118,1.40581666370553,0.565898532909872,0.340532792202948
10.7136128,1.40581666370553,0.565898532909872,0.340532792202948
10.7276136,1.40581666370553,0.565898532909872,0.340532792202948
10.7406143,1.40581666370553,0.565898532909872,0.340532792202948
10.7546151,1.40581666370553,0.565898532909872,0.340532792202948
10.7796165,1.40581666370553,0.565898532909872,0.340532792202948
10.7946174,1.40581666370553,0.565898532909872,0.340532792202948
10.8096183,1.42693742058727,0.572314703835291,0.249318651434301
10.8236191,1.42693742058727,0.572314703835291,0.249318651434301
10.8376199,1.44855481012917,0.576780360561429,0.158104510665654
10.8516207,1.44855481012917,0.576780360561429,0.158104510665654
10.8656215,1.44855481012917,0.576780360561429,0.158104510665654
10.8796223,1.44855481012917,0.576780360561429,0.158104510665654
10.892623,1.44855481012917,0.576780360561429,0.158104510665654
10.9086239,1.44855481012917,0.576780360561429,0.158104510665654
10.9216247,1.44855481012917,0.576780360561429,0.158104510665654
10.9326253,1.44855481012917,0.576780360561429,0.158104510665654
10.9496263,1.44855481012917,0.576780360561429,0.158104510665654
10.961627,1.44855481012917,0.576780360561429,0.158104510665654
10.9736276,1.44855481012917,0.576780360561429,0.158104510665654
10.9916287,1.44855481012917,0.576780360561429,0.158104510665654
11.0036294,1.44855481012917,0.576780360561429,0.158104510665654
11.01563,1.44855481012917,0.576780360561429,0.158104510665654
11.0266307,1.44855481012917,0.576780360561429,0.158104510665654
11.0386314,1.44855481012917,0.576780360561429,0.158104510665654
11.0516321,1.44855481012917,0.576780360561429,0.158104510665654
11.0636328,1.44855481012917,0.576780360561429,0.158104510665654
11.0756335,1.46901968725426,0.579155407316911,0.0729713126149173
11.0916344,1.46901968725426,0.579155407316911,0.0729713126149173
11.102635,1.46901968725426,0.579155407316911,0.0729713126149173
11.1216361,1.48961239908348,0.579781715830267,-0.0121618854358196
11.1326367,1.48961239908348,0.579781715830267,-0.0121618854358196
11.1446374,1.50871749536147,0.578793331000377,-0.0912141407686467
11.1606383,1.50871749536147,0.578793331000377,-0.0912141407686467
11.1736391,1.50871749536147,0.578793331000377,-0.0912141407686467
11.1946403,1.50871749536147,0.578793331000377,-0.0912141407686467
11.2056409,1.50871749536147,0.578793331000377,-0.0912141407686467
11.2176416,1.50871749536147,0.578793331000377,-0.0912141407686467
11.2286422,1.50871749536147,0.578793331000377,-0.0912141407686467
11.2406429,1.50871749536147,0.578793331000377,-0.0912141407686467
11.2526436,1.50871749536147,0.578793331000377,-0.0912141407686467
11.2646443,1.50871749536147,0.578793331000377,-0.0912141407686467
11.277645,1.50871749536147,0.578793331000377,-0.0912141407686467
11.2936459,1.50871749536147,0.578793331000377,-0.0912141407686467
11.3056466,1.50871749536147,0.578793331000377,-0.0912141407686467
11.3196474,1.50871749536147,0.578793331000377,-0.0912141407686467
11.3316481,1.5306933388299,0.576715850686815,-0.0972950834865565
11.3436488,1.5306933388299,0.576715850686815,-0.0972950834865565
11.3546494,1.5306933388299,0.576715850686815,-0.0972950834865565
11.3656501,1.54829724719874,0.575321315880187,-0.0608094271790978
11.3806509,1.54829724719874,0.575321315880187,-0.0608094271790978
11.398652,1.5659510811552,0.574891823362198,0.0121618854358195
11.4106526,1.5659510811552,0.574891823362198,0.0121618854358195
11.4226533,1.5659510811552,0.574891823362198,0.0121618854358195
11.433654,1.5659510811552,0.574891823362198,0.0121618854358195
11.4446546,1.5659510811552,0.574891823362198,0.0121618854358195
11.4616556,1.58358924711303,0.575750554303248,0.0851331980507369
11.4726562,1.58358924711303,0.575750554303248,0.0851331980507369
11.4846569,1.58358924711303,0.575750554303248,0.0851331980507369
11.4996577,1.58358924711303,0.575750554303248,0.0851331980507369
11.5126585,1.58358924711303,0.575750554303248,0.0851331980507369
11.5246592,1.58358924711303,0.575750554303248,0.0851331980507369
11.5356598,1.58358924711303,0.575750554303248,0.0851331980507369
11.5516607,1.58358924711303,0.575750554303248,0.0851331980507369
11.5626613,1.58358924711303,0.575750554303248,0.0851331980507369
11.573662,1.58358924711303,0.575750554303248,0.0851331980507369
11.5856626,1.58358924711303,0.575750554303248,0.0851331980507369
11.6006635,1.58358924711303,0.575750554303248,0.0851331980507369
11.6126642,1.58358924711303,0.575750554303248,0.0851331980507369
11.6236648,1.58358924711303,0.575750554303248,0.0851331980507369
11.6356655,1.58358924711303,0.575750554303248,0.0851331980507369
11.6556667,1.60257144068252,0.578129195859647,0.164185453383564
11.6726676,1.60257144068252,0.578129195859647,0.164185453383564
11.6896686,1.61987613452397,0.581649123165534,0.237156765998481
11.7046695,1.61987613452397,0.581649123165534,0.237156765998481
11.7176702,1.61987613452397,0.581649123165534,0.237156765998481
11.7336711,1.61987613452397,0.581649123165534,0.237156765998481
11.7466719,1.61987613452397,0.581649123165534,0.237156765998481
11.7686731,1.61987613452397,0.581649123165534,0.237156765998481
11.7856741,1.61987613452397,0.581649123165534,0.237156765998481
11.7986748,1.61987613452397,0.581649123165534,0.237156765998481
11.8096755,1.61987613452397,0.581649123165534,0.237156765998481
11.8216761,1.61987613452397,0.581649123165534,0.237156765998481
11.8336768,1.61987613452397,0.581649123165534,0.237156765998481
11.8456775,1.61987613452397,0.581649123165534,0.237156765998481
11.8576782,1.61987613452397,0.581649123165534,0.237156765998481
11.8686788,1.61987613452397,0.581649123165534,0.237156765998481
11.8816796,1.61987613452397,0.581649123165534,0.237156765998481
11.8926802,1.61987613452397,0.581649123165534,0.237156765998481
11.9046809,1.61987613452397,0.581649123165534,0.237156765998481
11.923682,1.63827918160059,0.586874969188809,0.316209021331308
11.9346826,1.63827918160059,0.586874969188809,0.316209021331308
11.9476834,1.65621207114072,0.593537782491364,0.395261276664136
11.958684,1.65621207114072,0.593537782491364,0.395261276664136
11.9716847,1.65621207114072,0.593537782491364,0.395261276664136
11.9856855,1.65621207114072,0.593537782491364,0.395261276664136
11.9986863,1.65621207114072,0.593537782491364,0.395261276664136
12.011687,1.65621207114072,0.593537782491364,0.395261276664136
12.0226876,1.65621207114072,0.593537782491364,0.395261276664136
12.0356884,1.65621207114072,0.593537782491364,0.395261276664136
12.0476891,1.65621207114072,0.593537782491364,0.395261276664136
12.0596898,1.65621207114072,0.593537782491364,0.395261276664136
12.0716904,1.65621207114072,0.593537782491364,0.395261276664136
12.0826911,1.65621207114072,0.593537782491364,0.395261276664136
12.0946918,1.65621207114072,0.593537782491364,0.395261276664136
12.1056924,1.65621207114072,0.593537782491364,0.395261276664136
12.1186931,1.65621207114072,0.593537782491364,0.395261276664136
12.1316939,1.65621207114072,0.593537782491364,0.395261276664136
12.1426945,1.65621207114072,0.593537782491364,0.395261276664136
12.1576954,1.65621207114072,0.593537782491364,0.395261276664136
12.1706961,1.65621207114072,0.593537782491364,0.395261276664136
12.1816967,1.65621207114072,0.593537782491364,0.395261276664136
12.1936974,1.65621207114072,0.593537782491364,0.395261276664136
12.2056981,1.67623213623335,0.602835664738907,0.474313531996963
12.2176988,1.67623213623335,0.602835664738907,0.474313531996963
12.2306995,1.67623213623335,0.602835664738907,0.474313531996963
12.2417002,1.69414300051749,0.613016675662701,0.5594467300477
12.2537009,1.69414300051749,0.613016675662701,0.5594467300477
12.2667016,1.71237410452713,0.625461773781703,0.638498985380527
12.2787023,1.71237410452713,0.625461773781703,0.638498985380527
12.2897029,1.71237410452713,0.625461773781703,0.638498985380527
12.3017036,1.71237410452713,0.625461773781703,0.638498985380527
12.3137043,1.71237410452713,0.625461773781703,0.638498985380527
12.325705,1.71237410452713,0.625461773781703,0.638498985380527
12.3387057,1.71237410452713,0.625461773781703,0.638498985380527
12.3507064,1.71237410452713,0.625461773781703,0.638498985380527
12.3727077,1.7300591088816,0.638671400634281,0.644579928098437
12.3837083,1.7300591088816,0.638671400634281,0.644579928098437
12.395709,1.74559240088172,0.649838246563305,0.602013329073068
12.4217105,1.74559240088172,0.649838246563305,0.602013329073068
12.4337112,1.74559240088172,0.649838246563305,0.602013329073068
12.4457118,1.74559240088172,0.649838246563305,0.602013329073068
12.4567125,1.74559240088172,0.649838246563305,0.602013329073068
12.4687132,1.74559240088172,0.649838246563305,0.602013329073068
12.4797138,1.74559240088172,0.649838246563305,0.602013329073068
12.4917145,1.74559240088172,0.649838246563305,0.602013329073068
12.5037152,1.74559240088172,0.649838246563305,0.602013329073068
12.5217162,1.74559240088172,0.649838246563305,0.602013329073068
12.5347169,1.74559240088172,0.649838246563305,0.602013329073068
12.5467176,1.74559240088172,0.649838246563305,0.602013329073068
12.5577182,1.74559240088172,0.649838246563305,0.602013329073068
12.5697189,1.74559240088172,0.649838246563305,0.602013329073068
12.5837197,1.74559240088172,0.649838246563305,0.602013329073068
12.5967205,1.74559240088172,0.649838246563305,0.602013329073068
12.6087212,1.74559240088172,0.649838246563305,0.602013329073068
12.6257221,1.74559240088172,0.649838246563305,0.602013329073068
12.6377228,1.74559240088172,0.649838246563305,0.602013329073068
12.6487235,1.75796892546473,0.657799327140594,0.54120390189397
12.6607241,1.75796892546473,0.657799327140594,0.54120390189397
12.6727248,1.75796892546473,0.657799327140594,0.54120390189397
12.6837255,1.77211412649092,0.665669997838202,0.474313531996963
12.6957261,1.77211412649092,0.665669997838202,0.474313531996963
12.7087269,1.78675377378663,0.672577594841404,0.407423162099955
12.7207276,1.78675377378663,0.672577594841404,0.407423162099955
12.7377285,1.78675377378663,0.672577594841404,0.407423162099955
12.7547295,1.78675377378663,0.672577594841404,0.407423162099955
12.7697304,1.78675377378663,0.672577594841404,0.407423162099955
12.780731,1.78675377378663,0.672577594841404,0.407423162099955
12.7927317,1.78675377378663,0.672577594841404,0.407423162099955
12.8057324,1.78675377378663,0.672577594841404,0.407423162099955
12.8167331,1.78675377378663,0.672577594841404,0.407423162099955
12.8297338,1.78675377378663,0.672577594841404,0.407423162099955
12.8407344,1.78675377378663,0.672577594841404,0.407423162099955
12.8527351,1.78675377378663,0.672577594841404,0.407423162099955
12.8657359,1.78675377378663,0.672577594841404,0.407423162099955
12.8767365,1.78675377378663,0.672577594841404,0.407423162099955
12.8897372,1.78675377378663,0.672577594841404,0.407423162099955
12.9007379,1.78675377378663,0.672577594841404,0.407423162099955
12.9127386,1.78675377378663,0.672577594841404,0.407423162099955
12.9257393,1.78675377378663,0.672577594841404,0.407423162099955
12.9437403,1.78675377378663,0.672577594841404,0.407423162099955
12.9567411,1.80321180218658,0.678978814910387,0.334451849485038
12.9697418,1.80321180218658,0.678978814910387,0.334451849485038
12.9827426,1.80321180218658,0.678978814910387,0.334451849485038
12.9947432,1.81867145904047,0.683778104364216,0.26756147958803
13.0057439,1.81867145904047,0.683778104364216,0.26756147958803
13.0197447,1.83730685853973,0.68810285798334,0.188509224255203
13.0317454,1.83730685853973,0.68810285798334,0.188509224255203
13.042746,1.83730685853973,0.68810285798334,0.188509224255203
13.0557467,1.83730685853973,0.68810285798334,0.188509224255203
13.0667474,1.83730685853973,0.68810285798334,0.188509224255203
13.0797481,1.83730685853973,0.68810285798334,0.188509224255203
13.0907487,1.83730685853973,0.68810285798334,0.188509224255203
13.1027494,1.83730685853973,0.68810285798334,0.188509224255203
13.1157502,1.83730685853973,0.68810285798334,0.188509224255203
13.1277508,1.83730685853973,0.68810285798334,0.188509224255203
13.1457519,1.83730685853973,0.68810285798334,0.188509224255203
13.1567525,1.83730685853973,0.68810285798334,0.188509224255203
13.1737535,1.83730685853973,0.68810285798334,0.188509224255203
13.1877543,1.83730685853973,0.68810285798334,0.188509224255203
13.199755,1.83730685853973,0.68810285798334,0.188509224255203
13.2117557,1.83730685853973,0.68810285798334,0.188509224255203
13.2237563,1.83730685853973,0.68810285798334,0.188509224255203
13.234757,1.85476224819717,0.690777122198463,0.115537911640286
13.2477577,1.85476224819717,0.690777122198463,0.115537911640286
13.2617585,1.85476224819717,0.690777122198463,0.115537911640286
13.2737592,1.87236615656601,0.69217165700509,0.0425665990253687
13.2857599,1.87236615656601,0.69217165700509,0.0425665990253687
13.2987606,1.87236615656601,0.69217165700509,0.0425665990253687
13.3107613,1.87236615656601,0.69217165700509,0.0425665990253687
13.3217619,1.87236615656601,0.69217165700509,0.0425665990253687
13.3697647,1.87236615656601,0.69217165700509,0.0425665990253687
13.3807653,1.89001346162637,0.692815816373299,0.0304047135895491
13.3937661,1.90765652333584,0.693567275421561,0.0547284844611882
13.4067668,1.90765652333584,0.693567275421561,0.0547284844611882
13.4177674,1.90765652333584,0.693567275421561,0.0547284844611882
13.4287681,1.90765652333584,0.693567275421561,0.0547284844611882
13.4397687,1.90765652333584,0.693567275421561,0.0547284844611882
13.4517694,1.90765652333584,0.693567275421561,0.0547284844611882
13.4697704,1.90765652333584,0.693567275421561,0.0547284844611882
13.4827712,1.90765652333584,0.693567275421561,0.0547284844611882
13.4947718,1.90765652333584,0.693567275421561,0.0547284844611882
13.5067725,1.90765652333584,0.693567275421561,0.0547284844611882
13.5187732,1.90765652333584,0.693567275421561,0.0547284844611882
13.5297738,1.90765652333584,0.693567275421561,0.0547284844611882
13.5467748,1.90765652333584,0.693567275421561,0.0547284844611882
13.5757765,1.90765652333584,0.693567275421561,0.0547284844611882
13.5877772,1.90765652333584,0.693567275421561,0.0547284844611882
13.5997778,1.90765652333584,0.693567275421561,0.0547284844611882
13.6117785,1.90765652333584,0.693567275421561,0.0547284844611882
13.6247793,1.90765652333584,0.693567275421561,0.0547284844611882
13.6357799,1.90765652333584,0.693567275421561,0.0547284844611882
13.6477806,1.90765652333584,0.693567275421561,0.0547284844611882
13.6607813,1.90765652333584,0.693567275421561,0.0547284844611882
13.6767823,1.9237972514523,0.694796529330258,0.0972950834865567
13.6877829,1.9237972514523,0.694796529330258,0.0972950834865567
13.6997836,1.9237972514523,0.694796529330258,0.0972950834865567
13.7127843,1.93694854084737,0.696363338400921,0.139861682511925
13.7237849,1.93694854084737,0.696363338400921,0.139861682511925
13.7367857,1.94566794333718,0.697753518071642,0.176347338819384
13.759787,1.94566794333718,0.697753518071642,0.176347338819384
13.7707876,1.94566794333718,0.697753518071642,0.176347338819384
13.7827883,1.94566794333718,0.697753518071642,0.176347338819384
13.794789,1.94566794333718,0.697753518071642,0.176347338819384
13.8057896,1.94566794333718,0.697753518071642,0.176347338819384
13.8177903,1.94566794333718,0.697753518071642,0.176347338819384
13.829791,1.94566794333718,0.697753518071642,0.176347338819384
13.8407916,1.94566794333718,0.697753518071642,0.176347338819384
13.8517923,1.94566794333718,0.697753518071642,0.176347338819384
13.8637929,1.94566794333718,0.697753518071642,0.176347338819384
13.8747936,1.94566794333718,0.697753518071642,0.176347338819384
13.8867943,1.95433083245795,0.699460835083098,0.212832995126842
13.898795,1.95433083245795,0.699460835083098,0.212832995126842
13.9147959,1.95863729861994,0.700432685904822,0.231075823280572
13.9257965,1.95863729861994,0.700432685904822,0.231075823280572
13.9387972,1.95863729861994,0.700432685904822,0.231075823280572
13.951798,1.95863729861994,0.700432685904822,0.231075823280572
13.9677989,1.95863729861994,0.700432685904822,0.231075823280572
13.9817997,1.95863729861994,0.700432685904822,0.231075823280572
13.9938004,1.95863729861994,0.700432685904822,0.231075823280572
14.004801,1.95863729861994,0.700432685904822,0.231075823280572
14.0168017,1.95863729861994,0.700432685904822,0.231075823280572
14.0288024,1.95863729861994,0.700432685904822,0.231075823280572
14.0408031,1.95863729861994,0.700432685904822,0.231075823280572
14.0528038,1.96577322449935,0.702226523417409,0.261480536870121
14.0658045,1.96577322449935,0.702226523417409,0.261480536870121
14.0788052,1.97144056327603,0.703817252037985,0.28580430774176
14.0898059,1.97144056327603,0.703817252037985,0.28580430774176
14.1028066,1.97144056327603,0.703817252037985,0.28580430774176
14.1148073,1.97144056327603,0.703817252037985,0.28580430774176
14.1258079,1.97144056327603,0.703817252037985,0.28580430774176
14.1378086,1.97144056327603,0.703817252037985,0.28580430774176
14.1548096,1.97144056327603,0.703817252037985,0.28580430774176
14.1678103,1.97144056327603,0.703817252037985,0.28580430774176
14.1818111,1.97144056327603,0.703817252037985,0.28580430774176
14.1948119,1.97144056327603,0.703817252037985,0.28580430774176
14.2068126,1.97144056327603,0.703817252037985,0.28580430774176
14.2198133,1.97144056327603,0.703817252037985,0.28580430774176
14.231814,1.97144056327603,0.703817252037985,0.28580430774176
14.2428146,1.97144056327603,0.703817252037985,0.28580430774176
14.2558154,1.97144056327603,0.703817252037985,0.28580430774176
14.2678161,1.97144056327603,0.703817252037985,0.28580430774176
14.2788167,1.97144056327603,0.703817252037985,0.28580430774176
14.2908174,1.97144056327603,0.703817252037985,0.28580430774176
14.3028181,1.97144056327603,0.703817252037985,0.28580430774176
14.3148187,1.97144056327603,0.703817252037985,0.28580430774176
14.3268194,1.97144056327603,0.703817252037985,0.28580430774176
14.3388201,1.97144056327603,0.703817252037985,0.28580430774176
14.3648216,1.97846768002779,0.70599874724427,0.316209021331309
14.3758222,1.97846768002779,0.70599874724427,0.316209021331309
14.3878229,1.98403951878274,0.707897104229347,0.340532792202948
14.3998236,1.98403951878274,0.707897104229347,0.340532792202948
14.4118243,1.98403951878274,0.707897104229347,0.340532792202948
14.4268252,1.99232554864982,0.710947069530492,0.364856563074587
14.4378258,1.99232554864982,0.710947069530492,0.364856563074587
14.4498265,1.99232554864982,0.710947069530492,0.364856563074587
14.4738278,2.00051502978157,0.714247520725251,0.401342219382046
14.4858285,2.00051502978157,0.714247520725251,0.401342219382046
14.4978292,2.00051502978157,0.714247520725251,0.401342219382046
14.5098299,2.00051502978157,0.714247520725251,0.401342219382046
14.5218306,2.00051502978157,0.714247520725251,0.401342219382046
14.5328312,2.00051502978157,0.714247520725251,0.401342219382046
14.545832,2.00051502978157,0.714247520725251,0.401342219382046
14.5718334,2.00051502978157,0.714247520725251,0.401342219382046
14.5838341,2.00724381114768,0.717224564981752,0.431746932971594
14.5958348,2.00724381114768,0.717224564981752,0.431746932971594
14.6078355,2.00724381114768,0.717224564981752,0.431746932971594
14.6198362,2.00724381114768,0.717224564981752,0.431746932971594
14.6328369,2.00724381114768,0.717224564981752,0.431746932971594
14.6438376,2.00724381114768,0.717224564981752,0.431746932971594
14.6568383,2.00724381114768,0.717224564981752,0.431746932971594
14.6708391,2.00724381114768,0.717224564981752,0.431746932971594
14.6828398,2.00724381114768,0.717224564981752,0.431746932971594
14.6948405,2.00724381114768,0.717224564981752,0.431746932971594
14.7108414,2.00724381114768,0.717224564981752,0.431746932971594
14.7268423,2.00724381114768,0.717224564981752,0.431746932971594
14.7778452,2.00724381114768,0.717224564981752,0.431746932971594
14.7938461,2.00724381114768,0.717224564981752,0.431746932971594
14.8078469,2.00724381114768,0.717224564981752,0.431746932971594
14.8228478,2.00724381114768,0.717224564981752,0.431746932971594
14.8378487,2.00724381114768,0.717224564981752,0.431746932971594
14.86185,2.01387898032144,0.720404788435149,0.462151646561143
14.8738507,2.01387898032144,0.720404788435149,0.462151646561143
14.8888516,2.02305718297243,0.725081711227565,0.480394474714873
14.9008523,2.02305718297243,0.725081711227565,0.480394474714873
14.9198534,2.0322636558531,0.729702735768333,0.449989761125324
14.931854,2.0322636558531,0.729702735768333,0.449989761125324
14.9458548,2.0322636558531,0.729702735768333,0.449989761125324
14.9728564,2.0322636558531,0.729702735768333,0.449989761125324
14.9888573,2.0322636558531,0.729702735768333,0.449989761125324
15.001858,2.0322636558531,0.729702735768333,0.449989761125324
15.0138587,2.0322636558531,0.729702735768333,0.449989761125324
15.0258594,2.0322636558531,0.729702735768333,0.449989761125324
15.0388602,2.0322636558531,0.729702735768333,0.449989761125324
15.0498608,2.0322636558531,0.729702735768333,0.449989761125324
15.0628615,2.0322636558531,0.729702735768333,0.449989761125324
15.0738622,2.0322636558531,0.729702735768333,0.449989761125324
15.0868629,2.0322636558531,0.729702735768333,0.449989761125324
15.1018638,2.0322636558531,0.729702735768333,0.449989761125324
15.1198648,2.0322636558531,0.729702735768333,0.449989761125324
15.1438662,2.04298581101029,0.73456400866757,0.401342219382046
15.1628673,2.04298581101029,0.73456400866757,0.401342219382046
15.1818683,2.05395782994359,0.738831488713559,0.340532792202948
15.193869,2.05395782994359,0.738831488713559,0.340532792202948
15.2058697,2.066557949863,0.742911719274855,0.28580430774176
15.2228707,2.066557949863,0.742911719274855,0.28580430774176
15.2378715,2.066557949863,0.742911719274855,0.28580430774176
15.2538725,2.066557949863,0.742911719274855,0.28580430774176
15.2688733,2.066557949863,0.742911719274855,0.28580430774176
15.2838742,2.066557949863,0.742911719274855,0.28580430774176
15.297875,2.066557949863,0.742911719274855,0.28580430774176
15.3128758,2.066557949863,0.742911719274855,0.28580430774176
15.3278767,2.066557949863,0.742911719274855,0.28580430774176
15.3418775,2.066557949863,0.742911719274855,0.28580430774176
15.3568783,2.066557949863,0.742911719274855,0.28580430774176
15.4148817,2.066557949863,0.742911719274855,0.28580430774176
15.4268824,2.066557949863,0.742911719274855,0.28580430774176
15.4398831,2.066557949863,0.742911719274855,0.28580430774176
15.454884,2.066557949863,0.742911719274855,0.28580430774176
15.4658846,2.08223269859711,0.746953553193241,0.218913937844752
15.4788853,2.08223269859711,0.746953553193241,0.218913937844752
15.489886,2.09668788357487,0.749711231921951,0.158104510665655
15.5058869,2.09668788357487,0.749711231921951,0.158104510665655
15.5168875,2.09668788357487,0.749711231921951,0.158104510665655
15.5288882,2.09668788357487,0.749711231921951,0.158104510665655
15.5408889,2.09668788357487,0.749711231921951,0.158104510665655
15.5528896,2.09668788357487,0.749711231921951,0.158104510665655
15.5648902,2.09668788357487,0.749711231921951,0.158104510665655
15.5888916,2.09668788357487,0.749711231921951,0.158104510665655
15.6058926,2.09668788357487,0.749711231921951,0.158104510665655
15.6178933,2.09668788357487,0.749711231921951,0.158104510665655
15.629894,2.09668788357487,0.749711231921951,0.158104510665655
15.6418947,2.09668788357487,0.749711231921951,0.158104510665655
15.6548954,2.09668788357487,0.749711231921951,0.158104510665655
15.6668961,2.09668788357487,0.749711231921951,0.158104510665655
15.6788968,2.09668788357487,0.749711231921951,0.158104510665655
15.6908975,2.09668788357487,0.749711231921951,0.158104510665655
15.7068984,2.13187808929158,0.752714345365779,0.0121618854358198
15.7188991,2.13187808929158,0.752714345365779,0.0121618854358198
15.7338999,2.15100440235683,0.752307212840242,-0.0547284844611877
15.7449005,2.15100440235683,0.752307212840242,-0.0547284844611877
15.7639016,2.15247402514745,0.752231183237943,-0.0486475417432779
15.7799025,2.1700691280058,0.750729626516029,-0.121618854358195
15.7919032,2.1700691280058,0.750729626516029,-0.121618854358195
15.8029039,2.1700691280058,0.750729626516029,-0.121618854358195
15.8139045,2.1700691280058,0.750729626516029,-0.121618854358195
15.8269052,2.1700691280058,0.750729626516029,-0.121618854358195
15.8389059,2.1700691280058,0.750729626516029,-0.121618854358195
15.8519067,2.1700691280058,0.750729626516029,-0.121618854358195
15.8629073,2.1700691280058,0.750729626516029,-0.121618854358195
15.8769081,2.1700691280058,0.750729626516029,-0.121618854358195
15.892909,2.1700691280058,0.750729626516029,-0.121618854358195
15.9069098,2.1700691280058,0.750729626516029,-0.121618854358195
15.9209106,2.1700691280058,0.750729626516029,-0.121618854358195
15.9339114,2.1700691280058,0.750729626516029,-0.121618854358195
15.9469121,2.1700691280058,0.750729626516029,-0.121618854358195
15.9759138,2.1700691280058,0.750729626516029,-0.121618854358195
15.996915,2.1700691280058,0.750729626516029,-0.121618854358195
16.0109158,2.1700691280058,0.750729626516029,-0.121618854358195
16.0219164,2.1700691280058,0.750729626516029,-0.121618854358195
16.0339171,2.1700691280058,0.750729626516029,-0.121618854358195
16.0479179,2.18322970186581,0.749242818158515,-0.103376026204466
16.0589185,2.18322970186581,0.749242818158515,-0.103376026204466
16.0719192,2.18322970186581,0.749242818158515,-0.103376026204466
16.0839199,2.19202725329499,0.748492039797558,-0.0668903698970073
16.0949206,2.19202725329499,0.748492039797558,-0.0668903698970073
16.1079213,2.19937536724806,0.748111891786062,-0.0364856563074584
16.1189219,2.19937536724806,0.748111891786062,-0.0364856563074584
16.1319227,2.19937536724806,0.748111891786062,-0.0364856563074584
16.1439234,2.19937536724806,0.748111891786062,-0.0364856563074584
16.1589242,2.19937536724806,0.748111891786062,-0.0364856563074584
16.171925,2.20673164150393,0.747955302353163,-0.0060809427179095
16.1839257,2.20673164150393,0.747955302353163,-0.0060809427179095
16.1969264,2.20673164150393,0.747955302353163,-0.0060809427179095
16.2089271,2.20673164150393,0.747955302353163,-0.0060809427179095
16.2219278,2.20673164150393,0.747955302353163,-0.0060809427179095
16.2329285,2.20673164150393,0.747955302353163,-0.0060809427179095
16.2459292,2.20673164150393,0.747955302353163,-0.0060809427179095
16.2589299,2.20673164150393,0.747955302353163,-0.0060809427179095
16.2709306,2.20673164150393,0.747955302353163,-0.0060809427179095
16.2839314,2.20673164150393,0.747955302353163,-0.0060809427179095
16.2959321,2.20673164150393,0.747955302353163,-0.0060809427179095
16.3069327,2.20673164150393,0.747955302353163,-0.0060809427179095
16.3189334,2.20673164150393,0.747955302353163,-0.0060809427179095
16.3369344,2.20673164150393,0.747955302353163,-0.0060809427179095
16.364936,2.21408927610367,0.74802241624628,0.0243237708716394
16.3949377,2.21408927610367,0.74802241624628,0.0243237708716394
16.4079385,2.22438234732181,0.748429473499263,0.0547284844611883
16.4199392,2.22438234732181,0.748429473499263,0.0547284844611883
16.4319398,2.22438234732181,0.748429473499263,0.0547284844611883
16.4439405,2.22438234732181,0.748429473499263,0.0547284844611883
16.4569413,2.22438234732181,0.748429473499263,0.0547284844611883
16.4679419,2.22438234732181,0.748429473499263,0.0547284844611883
16.4829428,2.233188378785,0.749073204161553,0.091214140768647
16.4949434,2.233188378785,0.749073204161553,0.091214140768647
16.5189448,2.233188378785,0.749073204161553,0.091214140768647
16.5309455,2.233188378785,0.749073204161553,0.091214140768647
16.5419461,2.233188378785,0.749073204161553,0.091214140768647
16.5589471,2.233188378785,0.749073204161553,0.091214140768647
16.5719478,2.24197077077785,0.749984340913218,0.115537911640286
16.5849486,2.24197077077785,0.749984340913218,0.115537911640286
16.5959492,2.24197077077785,0.749984340913218,0.115537911640286
16.6199506,2.24197077077785,0.749984340913218,0.115537911640286
16.6319513,2.24197077077785,0.749984340913218,0.115537911640286
16.643952,2.24197077077785,0.749984340913218,0.115537911640286
16.6549526,2.24197077077785,0.749984340913218,0.115537911640286
16.6669533,2.24197077077785,0.749984340913218,0.115537911640286
16.6779539,2.24197077077785,0.749984340913218,0.115537911640286
16.6889545,2.24197077077785,0.749984340913218,0.115537911640286
16.7009552,2.24197077077785,0.749984340913218,0.115537911640286
16.7229565,2.24197077077785,0.749984340913218,0.115537911640286
16.7359572,2.24197077077785,0.749984340913218,0.115537911640286
16.7519581,2.24197077077785,0.749984340913218,0.115537911640286
16.8159618,2.24197077077785,0.749984340913218,0.115537911640286
16.8299626,2.24197077077785,0.749984340913218,0.115537911640286
16.8479636,2.24926591628407,0.750943581874125,0.145942625229835
16.8609644,2.24926591628407,0.750943581874125,0.145942625229835
16.8739651,2.24926591628407,0.750943581874125,0.145942625229835
16.889966,2.25652852911056,0.752124152122194,0.176347338819384
16.9019667,2.25652852911056,0.752124152122194,0.176347338819384
16.9219679,2.25652852911056,0.752124152122194,0.176347338819384
16.9379688,2.26376028050698,0.753481009859138,0.194590166973113
16.9529696,2.26376028050698,0.753481009859138,0.194590166973113
16.9669704,2.26376028050698,0.753481009859138,0.194590166973113
16.9779711,2.26376028050698,0.753481009859138,0.194590166973113
16.9909718,2.26376028050698,0.753481009859138,0.194590166973113
17.0169733,2.26376028050698,0.753481009859138,0.194590166973113
17.0309741,2.26376028050698,0.753481009859138,0.194590166973113
17.0439748,2.26376028050698,0.753481009859138,0.194590166973113
17.0559755,2.26376028050698,0.753481009859138,0.194590166973113
17.0689763,2.26376028050698,0.753481009859138,0.194590166973113
17.081977,2.26376028050698,0.753481009859138,0.194590166973113
17.0949778,2.26376028050698,0.753481009859138,0.194590166973113
17.1079785,2.26376028050698,0.753481009859138,0.194590166973113
17.1209792,2.26376028050698,0.753481009859138,0.194590166973113
17.1389803,2.26376028050698,0.753481009859138,0.194590166973113
17.151981,2.26376028050698,0.753481009859138,0.194590166973113
17.1659818,2.26376028050698,0.753481009859138,0.194590166973113
17.1789826,2.26376028050698,0.753481009859138,0.194590166973113
17.2029839,2.26376028050698,0.753481009859138,0.194590166973113
17.2159847,2.26376028050698,0.753481009859138,0.194590166973113
17.2289854,2.26376028050698,0.753481009859138,0.194590166973113
17.2429862,2.26376028050698,0.753481009859138,0.194590166973113
17.2549869,2.26376028050698,0.753481009859138,0.194590166973113
17.2679877,2.26376028050698,0.753481009859138,0.194590166973113
17.2809884,2.26376028050698,0.753481009859138,0.194590166973113
17.2939891,2.26376028050698,0.753481009859138,0.194590166973113
17.3069899,2.26376028050698,0.753481009859138,0.194590166973113
17.3209907,2.26376028050698,0.753481009859138,0.194590166973113
17.3379917,2.26376028050698,0.753481009859138,0.194590166973113
17.3639931,2.26376028050698,0.753481009859138,0.194590166973113
17.3779939,2.26376028050698,0.753481009859138,0.194590166973113
17.3909947,2.26376028050698,0.753481009859138,0.194590166973113
17.4049955,2.26376028050698,0.753481009859138,0.194590166973113
17.4169962,2.26376028050698,0.753481009859138,0.194590166973113
17.431997,2.26376028050698,0.753481009859138,0.194590166973113
17.4449978,2.26376028050698,0.753481009859138,0.194590166973113
17.4559984,2.26376028050698,0.753481009859138,0.194590166973113
17.4679991,2.26376028050698,0.753481009859138,0.194590166973113
17.4809998,2.26376028050698,0.753481009859138,0.194590166973113
17.4920005,2.26376028050698,0.753481009859138,0.194590166973113
17.5050012,2.26376028050698,0.753481009859138,0.194590166973113
17.5300026,2.26376028050698,0.753481009859138,0.194590166973113
17.5420033,2.26376028050698,0.753481009859138,0.194590166973113
17.554004,2.26376028050698,0.753481009859138,0.194590166973113
17.5700049,2.26376028050698,0.753481009859138,0.194590166973113
17.5830057,2.26376028050698,0.753481009859138,0.194590166973113
17.5940063,2.26376028050698,0.753481009859138,0.194590166973113
17.6090072,2.26376028050698,0.753481009859138,0.194590166973113
17.6320085,2.26376028050698,0.753481009859138,0.194590166973113
17.6440092,2.26376028050698,0.753481009859138,0.194590166973113
17.6560099,2.26376028050698,0.753481009859138,0.194590166973113
17.6670105,2.26376028050698,0.753481009859138,0.194590166973113
17.6780111,2.26376028050698,0.753481009859138,0.194590166973113
17.6890117,2.26376028050698,0.753481009859138,0.194590166973113
17.7010124,2.26376028050698,0.753481009859138,0.194590166973113
17.7120131,2.26376028050698,0.753481009859138,0.194590166973113
17.7340143,2.26376028050698,0.753481009859138,0.194590166973113
17.7490152,2.26376028050698,0.753481009859138,0.194590166973113
17.7610159,2.26376028050698,0.753481009859138,0.194590166973113
17.7730165,2.26376028050698,0.753481009859138,0.194590166973113
17.7850172,2.26376028050698,0.753481009859138,0.194590166973113
17.7960179,2.26376028050698,0.753481009859138,0.194590166973113
17.8110187,2.26376028050698,0.753481009859138,0.194590166973113
17.8230194,2.26376028050698,0.753481009859138,0.194590166973113
17.8350201,2.26376028050698,0.753481009859138,0.194590166973113
17.8480208,2.26376028050698,0.753481009859138,0.194590166973113
17.8630217,2.26376028050698,0.753481009859138,0.194590166973113
17.8780225,2.26376028050698,0.753481009859138,0.194590166973113
17.8920234,2.26376028050698,0.753481009859138,0.194590166973113
17.9050241,2.26376028050698,0.753481009859138,0.194590166973113
17.9180248,2.26376028050698,0.753481009859138,0.194590166973113
17.9320256,2.26376028050698,0.753481009859138,0.194590166973113
17.9440263,2.26376028050698,0.753481009859138,0.194590166973113
17.973028,2.26376028050698,0.753481009859138,0.194590166973113
17.9860287,2.26376028050698,0.753481009859138,0.194590166973113
17.9990295,2.26376028050698,0.753481009859138,0.194590166973113
18.0130303,2.26376028050698,0.753481009859138,0.194590166973113
18.0270311,2.26376028050698,0.753481009859138,0.194590166973113
18.043032,2.26376028050698,0.753481009859138,0.194590166973113
18.0560327,2.26376028050698,0.753481009859138,0.194590166973113
18.0700335,2.26376028050698,0.753481009859138,0.194590166973113
18.0830343,2.26376028050698,0.753481009859138,0.194590166973113
18.0970351,2.26376028050698,0.753481009859138,0.194590166973113
18.1100358,2.26376028050698,0.753481009859138,0.194590166973113
18.1230366,2.26376028050698,0.753481009859138,0.194590166973113
18.1470379,2.26376028050698,0.753481009859138,0.194590166973113
18.1600387,2.26376028050698,0.753481009859138,0.194590166973113
18.1710393,2.26376028050698,0.753481009859138,0.194590166973113
18.18304,2.26376028050698,0.753481009859138,0.194590166973113
18.201041,2.26376028050698,0.753481009859138,0.194590166973113
18.2140418,2.26376028050698,0.753481009859138,0.194590166973113
18.2270425,2.26376028050698,0.753481009859138,0.194590166973113
18.2380431,2.26376028050698,0.753481009859138,0.194590166973113
18.2490438,2.26376028050698,0.753481009859138,0.194590166973113
18.2630446,2.26376028050698,0.753481009859138,0.194590166973113
18.2760453,2.26376028050698,0.753481009859138,0.194590166973113
18.288046,2.26376028050698,0.753481009859138,0.194590166973113
18.3000467,2.26376028050698,0.753481009859138,0.194590166973113
18.3110473,2.26376028050698,0.753481009859138,0.194590166973113
18.323048,2.26376028050698,0.753481009859138,0.194590166973113
18.3350487,2.26376028050698,0.753481009859138,0.194590166973113
18.3460493,2.26376028050698,0.753481009859138,0.194590166973113
18.3630503,2.26376028050698,0.753481009859138,0.194590166973113
18.375051,2.26376028050698,0.753481009859138,0.194590166973113
18.3870517,2.26376028050698,0.753481009859138,0.194590166973113
18.3990524,2.26376028050698,0.753481009859138,0.194590166973113
18.4170534,2.26376028050698,0.753481009859138,0.194590166973113
18.4290541,2.26376028050698,0.753481009859138,0.194590166973113
18.4430549,2.26376028050698,0.753481009859138,0.194590166973113
18.4560556,2.26376028050698,0.753481009859138,0.194590166973113
18.4670562,2.26376028050698,0.753481009859138,0.194590166973113
18.4780569,2.26376028050698,0.753481009859138,0.194590166973113
18.4900576,2.26376028050698,0.753481009859138,0.194590166973113
18.5030583,2.26376028050698,0.753481009859138,0.194590166973113
18.515059,2.26376028050698,0.753481009859138,0.194590166973113
18.5270597,2.26376028050698,0.753481009859138,0.194590166973113
18.5420605,2.26376028050698,0.753481009859138,0.194590166973113
18.5540612,2.26376028050698,0.753481009859138,0.194590166973113
18.5660619,2.26376028050698,0.753481009859138,0.194590166973113
18.5810628,2.26376028050698,0.753481009859138,0.194590166973113
18.5930634,2.26376028050698,0.753481009859138,0.194590166973113
18.6050641,2.26376028050698,0.753481009859138,0.194590166973113
18.6230652,2.26376028050698,0.753481009859138,0.194590166973113
18.6450664,2.26376028050698,0.753481009859138,0.194590166973113
18.6570671,2.26376028050698,0.753481009859138,0.194590166973113
18.6680677,2.26376028050698,0.753481009859138,0.194590166973113
18.6800684,2.26376028050698,0.753481009859138,0.194590166973113
18.6920691,2.26376028050698,0.753481009859138,0.194590166973113
18.7050699,2.26376028050698,0.753481009859138,0.194590166973113
18.7160705,2.26376028050698,0.753481009859138,0.194590166973113
18.7270711,2.26376028050698,0.753481009859138,0.194590166973113
18.7490724,2.26376028050698,0.753481009859138,0.194590166973113
18.7630732,2.26376028050698,0.753481009859138,0.194590166973113
18.7760739,2.26376028050698,0.753481009859138,0.194590166973113
18.7880746,2.26376028050698,0.753481009859138,0.194590166973113
18.8000753,2.26376028050698,0.753481009859138,0.194590166973113
18.8110759,2.26376028050698,0.753481009859138,0.194590166973113
18.8290769,2.26376028050698,0.753481009859138,0.194590166973113
18.8410776,2.26376028050698,0.753481009859138,0.194590166973113
18.8520783,2.26376028050698,0.753481009859138,0.194590166973113
18.865079,2.26376028050698,0.753481009859138,0.194590166973113
18.8770797,2.26376028050698,0.753481009859138,0.194590166973113
18.8890804,2.26376028050698,0.753481009859138,0.194590166973113
18.9010811,2.26376028050698,0.753481009859138,0.194590166973113
18.9220823,2.26376028050698,0.753481009859138,0.194590166973113
18.9380832,2.26376028050698,0.753481009859138,0.194590166973113
18.9510839,2.26376028050698,0.753481009859138,0.194590166973113
18.9720851,2.26376028050698,0.753481009859138,0.194590166973113
18.9850859,2.26376028050698,0.753481009859138,0.194590166973113
18.9970866,2.26376028050698,0.753481009859138,0.194590166973113
19.0170877,2.26376028050698,0.753481009859138,0.194590166973113
19.0310885,2.26376028050698,0.753481009859138,0.194590166973113
19.0440892,2.26376028050698,0.753481009859138,0.194590166973113
19.05709,2.26376028050698,0.753481009859138,0.194590166973113
19.0700907,2.26376028050698,0.753481009859138,0.194590166973113
19.0830915,2.26376028050698,0.753481009859138,0.194590166973113
19.0950922,2.26376028050698,0.753481009859138,0.194590166973113
19.1080929,2.26376028050698,0.753481009859138,0.194590166973113
19.1200936,2.26376028050698,0.753481009859138,0.194590166973113
19.1340944,2.26376028050698,0.753481009859138,0.194590166973113
19.1460951,2.26376028050698,0.753481009859138,0.194590166973113
19.1600959,2.26376028050698,0.753481009859138,0.194590166973113
19.1780969,2.26376028050698,0.753481009859138,0.194590166973113
19.197098,2.26376028050698,0.753481009859138,0.194590166973113
19.2100987,2.26376028050698,0.753481009859138,0.194590166973113
19.2220994,2.26376028050698,0.753481009859138,0.194590166973113
19.2341001,2.26376028050698,0.753481009859138,0.194590166973113
19.2451007,2.26376028050698,0.753481009859138,0.194590166973113
19.2581015,2.26376028050698,0.753481009859138,0.194590166973113
19.2701022,2.26376028050698,0.753481009859138,0.194590166973113
19.2811028,2.26376028050698,0.753481009859138,0.194590166973113
19.2931035,2.26376028050698,0.753481009859138,0.194590166973113
19.3051042,2.26376028050698,0.753481009859138,0.194590166973113
19.3161048,2.26376028050698,0.753481009859138,0.194590166973113
19.3281055,2.26376028050698,0.753481009859138,0.194590166973113
19.3401062,2.26376028050698,0.753481009859138,0.194590166973113
19.3531069,2.26376028050698,0.753481009859138,0.194590166973113
19.3691078,2.26376028050698,0.753481009859138,0.194590166973113
19.3821086,2.26376028050698,0.753481009859138,0.194590166973113
19.3931092,2.26376028050698,0.753481009859138,0.194590166973113
19.40611,2.26376028050698,0.753481009859138,0.194590166973113
19.4231109,2.26376028050698,0.753481009859138,0.194590166973113
19.4341116,2.26376028050698,0.753481009859138,0.194590166973113
19.4541127,2.26376028050698,0.753481009859138,0.194590166973113
19.4661134,2.26376028050698,0.753481009859138,0.194590166973113
19.477114,2.26376028050698,0.753481009859138,0.194590166973113
19.4881146,2.26376028050698,0.753481009859138,0.194590166973113
19.5011154,2.26376028050698,0.753481009859138,0.194590166973113
19.512116,2.26376028050698,0.753481009859138,0.194590166973113
19.5241167,2.26376028050698,0.753481009859138,0.194590166973113
19.5361174,2.26376028050698,0.753481009859138,0.194590166973113
19.5511182,2.26376028050698,0.753481009859138,0.194590166973113
19.5631189,2.26376028050698,0.753481009859138,0.194590166973113
19.5761197,2.26376028050698,0.753481009859138,0.194590166973113
19.5891204,2.26376028050698,0.753481009859138,0.194590166973113
19.600121,2.26376028050698,0.753481009859138,0.194590166973113
19.6131218,2.26376028050698,0.753481009859138,0.194590166973113
19.6291227,2.26376028050698,0.753481009859138,0.194590166973113
19.6531241,2.26376028050698,0.753481009859138,0.194590166973113
19.6651248,2.26376028050698,0.753481009859138,0.194590166973113
19.6761254,2.26376028050698,0.753481009859138,0.194590166973113
19.6911263,2.26376028050698,0.753481009859138,0.194590166973113
19.7031269,2.26376028050698,0.753481009859138,0.194590166973113
19.7151276,2.26376028050698,0.753481009859138,0.194590166973113
19.7291284,2.26376028050698,0.753481009859138,0.194590166973113
19.7411291,2.26376028050698,0.753481009859138,0.194590166973113
19.7601302,2.26376028050698,0.753481009859138,0.194590166973113
19.7711308,2.26376028050698,0.753481009859138,0.194590166973113
19.7871317,2.26376028050698,0.753481009859138,0.194590166973113
19.7991324,2.26376028050698,0.753481009859138,0.194590166973113
19.8121332,2.26376028050698,0.753481009859138,0.194590166973113
19.8291341,2.26376028050698,0.753481009859138,0.194590166973113
19.8401348,2.26376028050698,0.753481009859138,0.194590166973113
19.8511354,2.26376028050698,0.753481009859138,0.194590166973113
19.862136,2.26376028050698,0.753481009859138,0.194590166973113
19.8741367,2.26376028050698,0.753481009859138,0.194590166973113
19.8851374,2.26376028050698,0.753481009859138,0.194590166973113
19.896138,2.26376028050698,0.753481009859138,0.194590166973113
19.9081387,2.26376028050698,0.753481009859138,0.194590166973113
19.9191393,2.26376028050698,0.753481009859138,0.194590166973113
19.9301399,2.26376028050698,0.753481009859138,0.194590166973113
19.9411406,2.26376028050698,0.753481009859138,0.194590166973113
19.9521412,2.26376028050698,0.753481009859138,0.194590166973113
19.9701422,2.26376028050698,0.753481009859138,0.194590166973113
19.9821429,2.26376028050698,0.753481009859138,0.194590166973113
19.9951436,2.26376028050698,0.753481009859138,0.194590166973113
20.0061443,2.26376028050698,0.753481009859138,0.194590166973113
20.019145,2.26376028050698,0.753481009859138,0.194590166973113
20.0301456,2.26376028050698,0.753481009859138,0.194590166973113
20.0421463,2.26376028050698,0.753481009859138,0.194590166973113
20.054147,2.26376028050698,0.753481009859138,0.194590166973113
20.0651476,2.26376028050698,0.753481009859138,0.194590166973113
20.0761483,2.26376028050698,0.753481009859138,0.194590166973113
20.089149,2.26376028050698,0.753481009859138,0.194590166973113
20.1031498,2.26376028050698,0.753481009859138,0.194590166973113
20.1151505,2.26376028050698,0.753481009859138,0.194590166973113
20.1261511,2.26376028050698,0.753481009859138,0.194590166973113
20.1451522,2.26376028050698,0.753481009859138,0.194590166973113
20.158153,2.26376028050698,0.753481009859138,0.194590166973113
20.1711537,2.26376028050698,0.753481009859138,0.194590166973113
20.1821543,2.26376028050698,0.753481009859138,0.194590166973113
20.194155,2.26376028050698,0.753481009859138,0.194590166973113
20.2071558,2.26376028050698,0.753481009859138,0.194590166973113
20.2181564,2.26376028050698,0.753481009859138,0.194590166973113
20.2301571,2.26376028050698,0.753481009859138,0.194590166973113
20.2451579,2.26376028050698,0.753481009859138,0.194590166973113
20.2561586,2.26376028050698,0.753481009859138,0.194590166973113
20.2681593,2.26376028050698,0.753481009859138,0.194590166973113
20.2801599,2.26376028050698,0.753481009859138,0.194590166973113
20.2921606,2.26376028050698,0.753481009859138,0.194590166973113
20.3051614,2.26376028050698,0.753481009859138,0.194590166973113
20.316162,2.26376028050698,0.753481009859138,0.194590166973113
20.3281627,2.26376028050698,0.753481009859138,0.194590166973113
20.3411634,2.26376028050698,0.753481009859138,0.194590166973113
20.3521641,2.26376028050698,0.753481009859138,0.194590166973113
20.368165,2.26376028050698,0.753481009859138,0.194590166973113
20.403167,2.26376028050698,0.753481009859138,0.194590166973113
20.4141676,2.26376028050698,0.753481009859138,0.194590166973113
20.4261683,2.26376028050698,0.753481009859138,0.194590166973113
20.4491696,2.26376028050698,0.753481009859138,0.194590166973113
20.4671706,2.26376028050698,0.753481009859138,0.194590166973113
20.4791713,2.26376028050698,0.753481009859138,0.194590166973113
20.491172,2.26376028050698,0.753481009859138,0.194590166973113
20.5041728,2.26376028050698,0.753481009859138,0.194590166973113
20.5151734,2.26376028050698,0.753481009859138,0.194590166973113
20.5271741,2.26376028050698,0.753481009859138,0.194590166973113
20.5381747,2.26376028050698,0.753481009859138,0.194590166973113
20.5491753,2.26376028050698,0.753481009859138,0.194590166973113
20.5651762,2.26376028050698,0.753481009859138,0.194590166973113
20.578177,2.26376028050698,0.753481009859138,0.194590166973113
20.5941779,2.26376028050698,0.753481009859138,0.194590166973113
20.6051785,2.26376028050698,0.753481009859138,0.194590166973113
20.6161792,2.26376028050698,0.753481009859138,0.194590166973113
20.6271798,2.26376028050698,0.753481009859138,0.194590166973113
20.6381804,2.26376028050698,0.753481009859138,0.194590166973113
20.6491811,2.26376028050698,0.753481009859138,0.194590166973113
20.6601817,2.26376028050698,0.753481009859138,0.194590166973113
20.6711823,2.26376028050698,0.753481009859138,0.194590166973113
20.6911835,2.26376028050698,0.753481009859138,0.194590166973113
20.7021841,2.26376028050698,0.753481009859138,0.194590166973113
20.7131847,2.26376028050698,0.753481009859138,0.194590166973113
20.7241853,2.26376028050698,0.753481009859138,0.194590166973113
20.735186,2.26376028050698,0.753481009859138,0.194590166973113
20.7461866,2.26376028050698,0.753481009859138,0.194590166973113
20.7561872,2.26376028050698,0.753481009859138,0.194590166973113
20.7691879,2.26376028050698,0.753481009859138,0.194590166973113
20.7921892,2.26376028050698,0.753481009859138,0.194590166973113
20.8041899,2.26376028050698,0.753481009859138,0.194590166973113
20.8151905,2.26376028050698,0.753481009859138,0.194590166973113
20.8271912,2.26376028050698,0.753481009859138,0.194590166973113
20.8471924,2.26376028050698,0.753481009859138,0.194590166973113
20.858193,2.26376028050698,0.753481009859138,0.194590166973113
20.8691936,2.26376028050698,0.753481009859138,0.194590166973113
20.8801943,2.26376028050698,0.753481009859138,0.194590166973113
20.8971952,2.26376028050698,0.753481009859138,0.194590166973113
20.911196,2.26376028050698,0.753481009859138,0.194590166973113
20.9241968,2.26376028050698,0.753481009859138,0.194590166973113
20.9401977,2.26376028050698,0.753481009859138,0.194590166973113
20.9701994,2.26376028050698,0.753481009859138,0.194590166973113
20.9842002,2.26376028050698,0.753481009859138,0.194590166973113
